timestamp_us,adc_raw
1541304196,371
1541305196,377
1541306196,369
1541307196,355
1541308196,355
1541309196,367
1541319612,343
1541320612,336
1541321612,355
1541322612,418
1541323612,477
1541324612,525
1541325612,539
1541326612,528
1541327612,524
1541328612,540
1541329612,567
1541330612,597
1541331612,623
1541332612,663
1541333612,701
1541334612,753
1541335612,834
1541336612,935
1541337612,1000
1541338612,1043
1541339612,1072
1541340612,1083
1541341612,1091
1541351990,1086
1541352990,1047
1541353990,1039
1541354990,1008
1541355990,991
1541356990,975
1541357990,956
1541358990,957
1541359990,978
1541360990,1066
1541361990,1185
1541362990,1325
1541363990,1437
1541364990,1514
1541365990,1525
1541366990,1529
1541367990,1490
1541368990,1515
1541369990,1555
1541370990,1612
1541371990,1691
1541382372,1999
1541383372,2015
1541384372,2034
1541385372,2037
1541386372,2023
1541387372,1984
1541388372,1943
1541389372,1907
1541390372,1871
1541391372,1846
1541392372,1844
1541393372,1832
1541394372,1822
1541395372,1807
1541396372,1773
1541397372,1740
1541398372,1704
1541399372,1666
1541400372,1629
1541401372,1599
1541411799,1275
1541412799,1253
1541413799,1232
1541414799,1202
1541415799,1183
1541416799,1161
1541417799,1136
1541418799,1116
1541419799,1083
1541420799,1059
1541421799,1036
1541422799,1013
1541423799,994
1541424799,974
1541425799,951
1541426799,923
1541427799,912
1541428799,893
1541429799,881
1541430799,865
1541431799,845
1541442180,685
1541443180,672
1541444180,663
1541445180,646
1541446180,638
1541447180,623
1541448180,605
1541449180,592
1541450180,579
1541451180,576
1541452180,561
1541453180,543
1541454180,537
1541455180,531
1541456180,509
1541457180,505
1541458180,498
1541459180,483
1541460180,465
1541461180,463
1541462180,460
1541463180,445
1541464180,437
1541465180,439
1541475600,361
1541476600,336
1541477600,346
1541478600,344
1541479600,335
1541480600,330
1541481600,323
1541482600,331
1541483600,335
1541484600,330
1541485600,324
1541486600,315
1541487600,315
1541488600,320
1541489600,307
1541490600,301
1541491600,290
1541492600,286
1541493600,277
1541494600,274
1541495600,273
1541496600,266
1541497600,272
1541498600,268
1541509003,193
1541510003,230
1541511003,218
1541512003,236
1541513003,211
1541514003,215
1541515003,221
1541516003,221
1541517003,192
1541518003,217
1541519003,206
1541520003,201
1541521003,207
1541522003,208
1541523003,199
1541524003,227
1541525003,217
1541526003,232
1541527003,251
1541528003,277
1541529003,303
1541530003,307
1541531003,315
1541532003,315
1541542423,496
1541543423,478
1541544423,476
1541545423,473
1541546423,449
1541547423,449
1541548423,445
1541549423,440
1541550423,437
1541551423,444
1541552423,429
1541553423,423
1541554423,419
1541555423,410
1541556423,395
1541557423,400
1541558423,397
1541559423,383
1541560423,374
1541561423,371
1541562423,355
1541563423,351
1541564423,352
1541565423,347
1541566423,345
1541576815,283
1541577815,267
1541578815,273
1541579815,273
1541580815,276
1541581815,261
1541582815,261
1541583815,265
1541584815,261
1541585815,253
1541586815,248
1541587815,256
1541588815,254
1541589815,254
1541590815,243
1541591815,240
1541592815,241
1541593815,240
1541594815,251
1541595815,267
1541596815,293
1541597815,304
1541598815,297
1541599815,311
1541610242,457
1541611242,470
1541612242,499
1541613242,506
1541614242,498
1541615242,493
1541616242,480
1541617242,466
1541618242,459
1541619242,459
1541620242,477
1541621242,525
1541622242,558
1541623242,585
1541624242,601
1541625242,616
1541626242,626
1541627242,628
1541628242,625
1541629242,624
1541630242,609
1541631242,609
1541632242,592
1541633242,588
1541643654,538
1541644654,529
1541645654,511
1541646654,498
1541647654,485
1541648654,491
1541649654,476
1541650654,465
1541651654,447
1541652654,441
1541653654,423
1541654654,432
1541655654,417
1541656654,416
1541657654,400
1541658654,398
1541659654,388
1541660654,387
1541661654,383
1541662654,375
1541663654,371
1541664654,368
1541665654,363
1541666654,351
1541677057,289
1541678057,291
1541679057,277
1541680057,281
1541681057,276
1541682057,278
1541683057,275
1541684057,288
1541685057,299
1541686057,297
1541687057,300
1541688057,297
1541689057,293
1541690057,277
1541691057,272
1541692057,272
1541693057,271
1541694057,269
1541695057,263
1541696057,254
1541697057,255
1541698057,249
1541699057,255
1541700057,253
1541710476,598
1541711476,639
1541712476,635
1541713476,613
1541714476,654
1541715476,677
1541716476,721
1541717476,799
1541718476,883
1541719476,964
1541720476,1034
1541721476,1087
1541722476,1103
1541723476,1105
1541724476,1088
1541725476,1065
1541726476,1057
1541727476,1044
1541728476,1023
1541729476,1008
1541730476,990
1541731476,976
1541741900,784
1541742900,771
1541743900,742
1541744900,740
1541745900,736
1541746900,707
1541747900,704
1541748900,692
1541749900,684
1541750900,672
1541751900,657
1541752900,646
1541753900,612
1541754900,611
1541755900,609
1541756900,590
1541757900,588
1541758900,564
1541759900,579
1541760900,541
1541761900,543
1541762900,509
1541763900,511
1541764900,507
1541765900,489
1541776292,404
1541777292,400
1541778292,395
1541779292,393
1541780292,413
1541781292,382
1541782292,405
1541783292,406
1541784292,397
1541785292,386
1541786292,385
1541787292,367
1541788292,361
1541789292,347
1541790292,353
1541791292,352
1541792292,348
1541793292,336
1541794292,331
1541795292,336
1541796292,335
1541797292,365
1541798292,416
1541799292,483
1541809711,729
1541810711,769
1541811711,779
1541812711,753
1541813711,780
1541814711,765
1541815711,782
1541816711,789
1541817711,785
1541818711,774
1541819711,763
1541820711,747
1541821711,725
1541822711,720
1541823711,731
1541824711,723
1541825711,719
1541826711,710
1541827711,705
1541828711,701
1541829711,673
1541830711,666
1541831711,649
1541832711,653
1541843131,611
1541844131,597
1541845131,583
1541846131,576
1541847131,572
1541848131,564
1541849131,561
1541850131,557
1541851131,561
1541852131,559
1541853131,564
1541854131,557
1541855131,552
1541856131,545
1541857131,529
1541858131,525
1541859131,497
1541860131,496
1541861131,479
1541862131,481
1541863131,464
1541864131,451
1541865131,461
1541866131,436
1541876534,473
1541877534,502
1541878534,496
1541879534,496
1541880534,489
1541881534,483
1541882534,496
1541883534,505
1541884534,503
1541885534,497
1541886534,497
1541887534,499
1541888534,511
1541889534,525
1541890534,528
1541891534,511
1541892534,491
1541893534,486
1541894534,481
1541895534,479
1541896534,475
1541897534,492
1541898534,487
1541899534,474
1541909954,405
1541910954,415
1541911954,397
1541912954,389
1541913954,383
1541914954,367
1541915954,365
1541916954,368
1541917954,368
1541918954,352
1541919954,342
1541920954,336
1541921954,329
1541922954,332
1541923954,332
1541924954,307
1541925954,317
1541926954,335
1541927954,332
1541928954,335
1541929954,336
1541930954,332
1541931954,317
1541932954,307
1541933954,305
1541944346,276
1541945346,280
1541946346,270
1541947346,304
1541948346,381
1541949346,496
1541950346,603
1541951346,688
1541952346,747
1541953346,759
1541954346,753
1541955346,755
1541956346,791
1541957346,868
1541958346,937
1541959346,1031
1541960346,1113
1541961346,1190
1541962346,1232
1541963346,1247
1541964346,1255
1541965346,1233
1541975752,976
1541976752,969
1541977752,950
1541978752,947
1541979752,936
1541980752,925
1541981752,923
1541982752,913
1541983752,877
1541984752,883
1541985752,869
1541986752,855
1541987752,832
1541988752,815
1541989752,800
1541990752,785
1541991752,774
1541992752,753
1541993752,722
1541994752,724
1541995752,691
1541996752,689
1541997752,671
1541998752,665
1542009171,529
1542010171,526
1542011171,506
1542012171,511
1542013171,508
1542014171,523
1542015171,500
1542016171,496
1542017171,495
1542018171,481
1542019171,475
1542020171,421
1542021171,443
1542022171,455
1542023171,443
1542024171,433
1542025171,420
1542026171,425
1542027171,403
1542028171,403
1542029171,399
1542030171,384
1542031171,384
1542032171,381
1542033171,365
1542043566,304
1542044566,297
1542045566,283
1542046566,301
1542047566,317
1542048566,336
1542049566,332
1542050566,349
1542051566,343
1542052566,352
1542053566,329
1542054566,348
1542055566,339
1542056566,363
1542057566,389
1542058566,400
1542059566,428
1542060566,422
1542061566,421
1542062566,414
1542063566,432
1542064566,405
1542065566,401
1542066566,393
1542076983,383
1542077983,369
1542078983,358
1542079983,356
1542080983,365
1542081983,367
1542082983,377
1542083983,393
1542084983,397
1542085983,400
1542086983,398
1542087983,403
1542088983,381
1542089983,375
1542090983,368
1542091983,367
1542092983,357
1542093983,349
1542094983,340
1542095983,331
1542096983,332
1542097983,320
1542098983,322
1542099983,306
1542110403,260
1542111403,257
1542112403,253
1542113403,246
1542114403,245
1542115403,237
1542116403,233
1542117403,230
1542118403,224
1542119403,220
1542120403,217
1542121403,209
1542122403,218
1542123403,213
1542124403,212
1542125403,201
1542126403,203
1542127403,209
1542128403,194
1542129403,203
1542130403,208
1542131403,201
1542132403,201
1542133403,193
1542143806,176
1542144806,177
1542145806,176
1542146806,177
1542147806,171
1542148806,171
1542149806,167
1542150806,175
1542151806,185
1542152806,180
1542153806,171
1542154806,205
1542155806,243
1542156806,308
1542157806,337
1542158806,355
1542159806,349
1542160806,339
1542161806,362
1542162806,387
1542163806,399
1542164806,480
1542165806,540
1542166806,588
1542177233,591
1542178233,596
1542179233,596
1542180233,595
1542181233,592
1542182233,597
1542183233,592
1542184233,591
1542185233,575
1542186233,564
1542187233,543
1542188233,552
1542189233,537
1542190233,524
1542191233,525
1542192233,525
1542193233,528
1542194233,505
1542195233,498
1542196233,487
1542197233,483
1542198233,476
1542199233,467
1542200233,448
1542201233,435
1542211617,416
1542212617,450
1542213617,482
1542214617,524
1542215617,541
1542216617,547
1542217617,539
1542218617,532
1542219617,527
1542220617,537
1542221617,557
1542222617,576
1542223617,615
1542224617,627
1542225617,651
1542226617,649
1542227617,639
1542228617,637
1542229617,621
1542230617,612
1542231617,593
1542232617,587
1542233617,579
1542234617,586
1542245037,495
1542246037,481
1542247037,477
1542248037,457
1542249037,448
1542250037,444
1542251037,432
1542252037,429
1542253037,425
1542254037,415
1542255037,407
1542256037,463
1542257037,538
1542258037,605
1542259037,643
1542260037,669
1542261037,682
1542262037,656
1542263037,657
1542264037,655
1542265037,680
1542266037,703
1542267037,747
1542268037,779
1542278466,782
1542279466,756
1542280466,741
1542281466,737
1542282466,721
1542283466,714
1542284466,705
1542285466,688
1542286466,667
1542287466,662
1542288466,644
1542289466,634
1542290466,634
1542291466,617
1542292466,614
1542293466,587
1542294466,571
1542295466,561
1542296466,555
1542297466,531
1542298466,539
1542299466,537
1542300466,553
1542301466,547
1542311859,854
1542312859,843
1542313859,871
1542314859,912
1542315859,955
1542316859,976
1542317859,970
1542318859,966
1542319859,964
1542320859,977
1542321859,970
1542322859,949
1542323859,924
1542324859,910
1542325859,901
1542326859,897
1542327859,928
1542328859,934
1542329859,913
1542330859,921
1542331859,924
1542332859,912
1542333859,902
1542334859,871
1542345279,837
1542346279,829
1542347279,821
1542348279,824
1542349279,841
1542350279,819
1542351279,807
1542352279,839
1542353279,853
1542354279,870
1542355279,867
1542356279,877
1542357279,873
1542358279,859
1542359279,844
1542360279,832
1542361279,805
1542362279,785
1542363279,786
1542364279,772
1542365279,751
1542366279,733
1542367279,723
1542368279,709
1542369279,675
1542379671,562
1542380671,543
1542381671,528
1542382671,537
1542383671,550
1542384671,508
1542385671,509
1542386671,491
1542387671,506
1542388671,495
1542389671,479
1542390671,481
1542391671,464
1542392671,464
1542393671,455
1542394671,432
1542395671,434
1542396671,430
1542397671,455
1542398671,464
1542399671,549
1542400671,593
1542401671,625
1542402671,635
1542413091,724
1542414091,703
1542415091,713
1542416091,731
1542417091,769
1542418091,828
1542419091,855
1542420091,864
1542421091,847
1542422091,848
1542423091,865
1542424091,907
1542425091,944
1542426091,993
1542427091,1051
1542428091,1075
1542429091,1070
1542430091,1040
1542431091,1018
1542432091,993
1542433091,998
1542434091,1007
1542435091,1014
1542445469,834
1542446469,816
1542447469,804
1542448469,785
1542449469,778
1542450469,801
1542451469,740
1542452469,743
1542453469,721
1542454469,705
1542455469,694
1542456469,681
1542457469,672
1542458469,653
1542459469,637
1542460469,636
1542461469,616
1542462469,602
1542463469,592
1542464469,580
1542465469,569
1542466469,564
1542467469,545
1542468469,537
1542478889,430
1542479889,428
1542480889,412
1542481889,401
1542482889,409
1542483889,398
1542484889,400
1542485889,387
1542486889,379
1542487889,369
1542488889,363
1542489889,367
1542490889,351
1542491889,337
1542492889,340
1542493889,320
1542494889,322
1542495889,321
1542496889,308
1542497889,304
1542498889,303
1542499889,300
1542500889,291
1542501889,279
1542512309,237
1542513309,236
1542514309,238
1542515309,228
1542516309,215
1542517309,225
1542518309,210
1542519309,215
1542520309,209
1542521309,204
1542522309,197
1542523309,196
1542524309,195
1542525309,195
1542526309,186
1542527309,191
1542528309,191
1542529309,176
1542530309,177
1542531309,177
1542532309,174
1542533309,169
1542534309,175
1542535309,162
1542545728,241
1542546728,272
1542547728,283
1542548728,307
1542549728,321
1542550728,315
1542551728,311
1542552728,313
1542553728,308
1542554728,299
1542555728,307
1542556728,291
1542557728,289
1542558728,304
1542559728,317
1542560728,336
1542561728,355
1542562728,371
1542563728,416
1542564728,463
1542565728,510
1542566728,525
1542567728,511
1542568728,511
1542579131,729
1542580131,736
1542581131,736
1542582131,715
1542583131,711
1542584131,700
1542585131,675
1542586131,667
1542587131,651
1542588131,641
1542589131,629
1542590131,603
1542591131,595
1542592131,591
1542593131,579
1542594131,565
1542595131,548
1542596131,545
1542597131,533
1542598131,523
1542599131,501
1542600131,490
1542601131,489
1542602131,471
1542612551,395
1542613551,387
1542614551,374
1542615551,368
1542616551,360
1542617551,345
1542618551,348
1542619551,337
1542620551,332
1542621551,330
1542622551,324
1542623551,317
1542624551,315
1542625551,291
1542626551,293
1542627551,303
1542628551,287
1542629551,295
1542630551,287
1542631551,245
1542632551,271
1542633551,265
1542634551,263
1542635551,258
1542636551,262
1542646943,772
1542647943,766
1542648943,827
1542649943,880
1542650943,950
1542651943,1023
1542652943,1105
1542653943,1182
1542654943,1237
1542655943,1319
1542656943,1359
1542657943,1373
1542658943,1345
1542659943,1313
1542660943,1286
1542661943,1279
1542662943,1263
1542663943,1233
1542664943,1215
1542665943,1199
1542676352,966
1542677352,945
1542678352,927
1542679352,906
1542680352,895
1542681352,864
1542682352,848
1542683352,834
1542684352,825
1542685352,804
1542686352,784
1542687352,771
1542688352,752
1542689352,747
1542690352,725
1542691352,718
1542692352,707
1542693352,704
1542694352,699
1542695352,701
1542696352,716
1542697352,723
1542698352,756
1542699352,784
1542700352,815
1542710744,919
1542711744,909
1542712744,895
1542713744,861
1542714744,848
1542715744,835
1542716744,820
1542717744,807
1542718744,784
1542719744,807
1542720744,837
1542721744,872
1542722744,921
1542723744,1001
1542724744,1096
1542725744,1188
1542726744,1189
1542727744,1211
1542728744,1200
1542729744,1204
1542730744,1264
1542731744,1345
1542742167,1469
1542743167,1445
1542744167,1419
1542745167,1392
1542746167,1361
1542747167,1339
1542748167,1313
1542749167,1303
1542750167,1265
1542751167,1259
1542752167,1226
1542753167,1201
1542754167,1191
1542755167,1163
1542756167,1147
1542757167,1121
1542758167,1100
1542759167,1083
1542760167,1056
1542761167,1021
1542771595,849
1542772595,832
1542773595,832
1542774595,831
1542775595,848
1542776595,853
1542777595,843
1542778595,841
1542779595,817
1542780595,804
1542781595,785
1542782595,766
1542783595,748
1542784595,735
1542785595,720
1542786595,701
1542787595,690
1542788595,687
1542789595,659
1542790595,648
1542791595,636
1542792595,629
1542793595,590
1542794595,583
1542805014,606
1542806014,687
1542807014,768
1542808014,772
1542809014,767
1542810014,766
1542811014,781
1542812014,807
1542813014,838
1542814014,893
1542815014,923
1542816014,939
1542817014,935
1542818014,912
1542819014,910
1542820014,900
1542821014,891
1542822014,865
1542823014,847
1542824014,846
1542825014,836
1542826014,816
1542827014,809
1542828014,800
1542838434,684
1542839434,658
1542840434,649
1542841434,639
1542842434,631
1542843434,644
1542844434,634
1542845434,624
1542846434,604
1542847434,604
1542848434,585
1542849434,578
1542850434,568
1542851434,558
1542852434,541
1542853434,524
1542854434,520
1542855434,498
1542856434,499
1542857434,489
1542858434,476
1542859434,464
1542860434,459
1542861434,445
1542871836,363
1542872836,357
1542873836,352
1542874836,346
1542875836,340
1542876836,337
1542877836,321
1542878836,331
1542879836,327
1542880836,304
1542881836,325
1542882836,328
1542883836,341
1542884836,346
1542885836,339
1542886836,336
1542887836,330
1542888836,325
1542889836,321
1542890836,328
1542891836,337
1542892836,342
1542893836,336
1542894836,341
1542905256,307
1542906256,303
1542907256,316
1542908256,327
1542909256,347
1542910256,355
1542911256,380
1542912256,369
1542913256,368
1542914256,368
1542915256,370
1542916256,376
1542917256,381
1542918256,393
1542919256,403
1542920256,404
1542921256,404
1542922256,403
1542923256,401
1542924256,400
1542925256,414
1542926256,424
1542927256,432
1542928256,420
1542929256,404
1542939648,641
1542940648,630
1542941648,619
1542942648,611
1542943648,625
1542944648,656
1542945648,686
1542946648,720
1542947648,738
1542948648,777
1542949648,809
1542950648,819
1542951648,847
1542952648,853
1542953648,831
1542954648,816
1542955648,810
1542956648,784
1542957648,787
1542958648,795
1542959648,794
1542960648,816
1542961648,833
1542962648,847
1542973068,1072
1542974068,1075
1542975068,1111
1542976068,1125
1542977068,1150
1542978068,1169
1542979068,1170
1542980068,1169
1542981068,1123
1542982068,1132
1542983068,1107
1542984068,1092
1542985068,1089
1542986068,1127
1542987068,1265
1542988068,1409
1542989068,1521
1542990068,1605
1542991068,1617
1542992068,1587
1543002495,2212
1543003495,2183
1543004495,2142
1543005495,2109
1543006495,2064
1543007495,2025
1543008495,1979
1543009495,1949
1543010495,1905
1543011495,1873
1543012495,1840
1543013495,1833
1543014495,1816
1543015495,1809
1543016495,1777
1543017495,1776
1543018495,1775
1543019495,1757
1543020495,1730
1543021495,1701
1543031922,1535
1543032922,1587
1543033922,1617
1543034922,1620
1543035922,1607
1543036922,1582
1543037922,1569
1543038922,1593
1543039922,1648
1543040922,1705
1543041922,1749
1543042922,1784
1543043922,1791
1543044922,1775
1543045922,1742
1543046922,1702
1543047922,1680
1543048922,1653
1543049922,1625
1543060376,1463
1543061376,1475
1543062376,1497
1543063376,1501
1543064376,1513
1543065376,1488
1543066376,1501
1543067376,1520
1543068376,1531
1543069376,1556
1543070376,1535
1543071376,1516
1543072376,1491
1543073376,1479
1543074376,1477
1543075376,1501
1543076376,1529
1543077376,1535
1543078376,1535
1543079376,1515
1543089803,1263
1543090803,1233
1543091803,1211
1543092803,1198
1543093803,1169
1543094803,1143
1543095803,1115
1543096803,1097
1543097803,1068
1543098803,1050
1543099803,1023
1543100803,994
1543101803,974
1543102803,961
1543103803,976
1543104803,911
1543105803,896
1543106803,880
1543107803,862
1543108803,841
1543109803,827
1543110803,803
1543121251,656
1543122251,592
1543123251,626
1543124251,619
1543125251,608
1543126251,598
1543127251,592
1543128251,572
1543129251,550
1543130251,551
1543131251,544
1543132251,531
1543133251,527
1543134251,528
1543135251,559
1543136251,592
1543137251,623
1543138251,645
1543139251,689
1543140251,761
1543141251,819
1543142251,827
1543143251,816
1543144251,842
1543154646,1053
1543155646,1059
1543156646,1057
1543157646,1049
1543158646,1088
1543159646,1166
1543160646,1277
1543161646,1389
1543162646,1454
1543163646,1471
1543164646,1448
1543165646,1437
1543166646,1433
1543167646,1446
1543168646,1455
1543169646,1441
1543170646,1424
1543171646,1388
1543172646,1371
1543173646,1372
1543184090,1305
1543185090,1292
1543186090,1264
1543187090,1241
1543188090,1217
1543189090,1191
1543190090,1163
1543191090,1136
1543192090,1111
1543193090,1088
1543194090,1071
1543195090,1063
1543196090,1047
1543197090,1043
1543198090,1015
1543199090,1009
1543200090,980
1543201090,957
1543202090,927
1543203090,937
1543204090,923
1543214472,778
1543215472,763
1543216472,753
1543217472,760
1543218472,791
1543219472,845
1543220472,880
1543221472,871
1543222472,835
1543223472,853
1543224472,874
1543225472,901
1543226472,932
1543227472,933
1543228472,1098
1543229472,1347
1543230472,1605
1543231472,1901
1543232472,2135
1543233472,2253
1543234472,2257
1543235472,2253
1543245895,3854
1543246895,3792
1543247895,3698
1543248895,3583
1543249895,3502
1543250895,3442
1543251895,3407
1543252895,3323
1543253895,3279
1543254895,3221
1543255895,3158
1543256895,3105
1543257895,3031
1543258895,2988
1543259895,2921
1543260895,2874
1543261895,2812
1543262895,2757
1543263895,2713
1543264895,2648
1543275322,2146
1543276322,2105
1543277322,2064
1543278322,2006
1543279322,1982
1543280322,1925
1543281322,1878
1543282322,1849
1543283322,1803
1543284322,1767
1543285322,1724
1543286322,1685
1543287322,1660
1543288322,1621
1543289322,1584
1543290322,1535
1543291322,1517
1543292322,1488
1543293322,1477
1543294322,1483
1543304749,1257
1543305749,1247
1543306749,1212
1543307749,1185
1543308749,1170
1543309749,1161
1543310749,1201
1543311749,1305
1543312749,1366
1543313749,1376
1543314749,1349
1543315749,1313
1543316749,1319
1543317749,1309
1543318749,1289
1543319749,1319
1543320749,1375
1543321749,1456
1543322749,1535
1543323749,1617
1543334176,1691
1543335176,1744
1543336176,1815
1543337176,1853
1543338176,1883
1543339176,1921
1543340176,1939
1543341176,1943
1543342176,1901
1543343176,1878
1543344176,1865
1543345176,1877
1543346176,1889
1543347176,1913
1543348176,1939
1543349176,1951
1543350176,1954
1543351176,1917
1543352176,1871
1543362630,1900
1543363630,1872
1543364630,1844
1543365630,1820
1543366630,1796
1543367630,1778
1543368630,1755
1543369630,1719
1543370630,1683
1543371630,1644
1543372630,1615
1543373630,1580
1543374630,1567
1543375630,1584
1543376630,1642
1543377630,1821
1543378630,2150
1543379630,2482
1543380630,2738
1543381630,2814
1543392057,3444
1543393057,3372
1543394057,3397
1543395057,3568
1543396057,3845
1543397057,3873
1543398057,3874
1543399057,3861
1543400057,3868
1543401057,3841
1543402057,3878
1543403057,3881
1543404057,3885
1543405057,3874
1543406057,3878
1543407057,3867
1543408057,3861
1543409057,3858
1543410057,3859
1543411057,3866
1543421501,3863
1543422501,3874
1543423501,3870
1543424501,3868
1543425501,3866
1543426501,3873
1543427501,3858
1543428501,3857
1543429501,3846
1543430501,3755
1543431501,3663
1543432501,3553
1543433501,3466
1543434501,3382
1543435501,3312
1543436501,3253
1543437501,3197
1543438501,3151
1543439501,3090
1543440501,3024
1543450928,2681
1543451928,2655
1543452928,2624
1543453928,2558
1543454928,2531
1543455928,2519
1543456928,2512
1543457928,2559
1543458928,2913
1543459928,3471
1543460928,3867
1543461928,3859
1543462928,3865
1543463928,3877
1543464928,3869
1543465928,3856
1543466928,3890
1543467928,3870
1543468928,3866
1543469928,3868
1543480355,3883
1543481355,3878
1543482355,3871
1543483355,3874
1543484355,3873
1543485355,3877
1543486355,3867
1543487355,3887
1543488355,3879
1543489355,3869
1543490355,3857
1543491355,3868
1543492355,3870
1543493355,3856
1543494355,3864
1543495355,3872
1543496355,3867
1543497355,3859
1543498355,3875
1543499355,3869
1543509781,3878
1543510781,3869
1543511781,3877
1543512781,3874
1543513781,3866
1543514781,3869
1543515781,3875
1543516781,3878
1543517781,3856
1543518781,3867
1543519781,3871
1543520781,3861
1543521781,3877
1543522781,3867
1543523781,3868
1543524781,3894
1543525781,3870
1543526781,3876
1543527781,3858
1543538237,3867
1543539237,3870
1543540237,3860
1543541237,3899
1543542237,3873
1543543237,3861
1543544237,3872
1543545237,3853
1543546237,3862
1543547237,3870
1543548237,3879
1543549237,3868
1543550237,3885
1543551237,3869
1543552237,3862
1543553237,3874
1543554237,3869
1543555237,3881
1543556237,3873
1543557237,3884
1543567663,3872
1543568663,3863
1543569663,3888
1543570663,3865
1543571663,3873
1543572663,3863
1543573663,3868
1543574663,3875
1543575663,3881
1543576663,3879
1543577663,3875
1543578663,3875
1543579663,3873
1543580663,3875
1543581663,3857
1543582663,3879
1543583663,3856
1543584663,3873
1543585663,3867
1543586663,3867
1543597107,3851
1543598107,3872
1543599107,3873
1543600107,3875
1543601107,3886
1543602107,3856
1543603107,3883
1543604107,3874
1543605107,3877
1543606107,3867
1543607107,3869
1543608107,3869
1543609107,3875
1543610107,3856
1543611107,3878
1543612107,3870
1543613107,3877
1543614107,3829
1543615107,3870
1543616107,3867
1543626534,3881
1543627534,3875
1543628534,3875
1543629534,3873
1543630534,3873
1543631534,3872
1543632534,3886
1543633534,3870
1543634534,3869
1543635534,3870
1543636534,3877
1543637534,3857
1543638534,3875
1543639534,3881
1543640534,3872
1543641534,3873
1543642534,3879
1543643534,3875
1543644534,3860
1543645534,3846
1543655960,3870
1543656960,3883
1543657960,3888
1543658960,3879
1543659960,3882
1543660960,3879
1543661960,3881
1543662960,3861
1543663960,3872
1543664960,3862
1543665960,3872
1543666960,3871
1543667960,3872
1543668960,3883
1543669960,3871
1543670960,3919
1543671960,3879
1543672960,3882
1543673960,3879
1543674960,3886
1543685387,3870
1543686387,3869
1543687387,3881
1543688387,3870
1543689387,3877
1543690387,3865
1543691387,3873
1543692387,3864
1543693387,3876
1543694387,3875
1543695387,3887
1543696387,3883
1543697387,3877
1543698387,3875
1543699387,3881
1543700387,3871
1543701387,3885
1543702387,3875
1543703387,3869
1543713842,3878
1543714842,3877
1543715842,3881
1543716842,3881
1543717842,3888
1543718842,3873
1543719842,3872
1543720842,3884
1543721842,3875
1543722842,3874
1543723842,3869
1543724842,3875
1543725842,3883
1543726842,3888
1543727842,3871
1543728842,3940
1543729842,3878
1543730842,3861
1543731842,3874
1543732842,3888
1543743269,3838
1543744269,3875
1543745269,3883
1543746269,3879
1543747269,3879
1543748269,3867
1543749269,3873
1543750269,3871
1543751269,3881
1543752269,3879
1543753269,3863
1543754269,3885
1543755269,3889
1543756269,3877
1543757269,3879
1543758269,3875
1543759269,3884
1543760269,3871
1543761269,3880
1543762269,3875
1543772713,3873
1543773713,3869
1543774713,3883
1543775713,3852
1543776713,3857
1543777713,3866
1543778713,3875
1543779713,3836
1543780713,3856
1543781713,3883
1543782713,3867
1543783713,3878
1543784713,3885
1543785713,3878
1543786713,3875
1543787713,3875
1543788713,3879
1543789713,3873
1543790713,3887
1543791713,3881
1543802139,3875
1543803139,3873
1543804139,3888
1543805139,3887
1543806139,3882
1543807139,3884
1543808139,3877
1543809139,3873
1543810139,3885
1543811139,3873
1543812139,3888
1543813139,3886
1543814139,3877
1543815139,3874
1543816139,3874
1543817139,3871
1543818139,3866
1543819139,3856
1543820139,3874
1543821139,3901
1543831572,3871
1543832572,3866
1543833572,3878
1543834572,3881
1543835572,3878
1543836572,3883
1543837572,3888
1543838572,3878
1543839572,3858
1543840572,3873
1543841572,3882
1543842572,3868
1543843572,3871
1543844572,3878
1543845572,3866
1543846572,3859
1543847572,3871
1543848572,3879
1543849572,3879
1543850572,3879
1543860993,3874
1543861993,3887
1543862993,3884
1543863993,3872
1543864993,3873
1543865993,3861
1543866993,3874
1543867993,3883
1543868993,3878
1543869993,3861
1543870993,3877
1543871993,3878
1543872993,3873
1543873993,3882
1543874993,3856
1543875993,3879
1543876993,3885
1543877993,3875
1543878993,3826
1543889448,3901
1543890448,3882
1543891448,3873
1543892448,3876
1543893448,3885
1543894448,3883
1543895448,3877
1543896448,3888
1543897448,3873
1543898448,3859
1543899448,3862
1543900448,3905
1543901448,3881
1543902448,3885
1543903448,3868
1543904448,3888
1543905448,3877
1543906448,3871
1543907448,3903
1543908448,3872
1543918875,3874
1543919875,3872
1543920875,3882
1543921875,3865
1543922875,3865
1543923875,3870
1543924875,3877
1543925875,3872
1543926875,3878
1543927875,3884
1543928875,3907
1543929875,3876
1543930875,3877
1543931875,3888
1543932875,3865
1543933875,3878
1543934875,3879
1543935875,3881
1543936875,3875
1543937875,3868
1543948318,3899
1543949318,3869
1543950318,3857
1543951318,3876
1543952318,3867
1543953318,3887
1543954318,3868
1543955318,3878
1543956318,3882
1543957318,3877
1543958318,3877
1543959318,3866
1543960318,3878
1543961318,3873
1543962318,3883
1543963318,3872
1543964318,3867
1543965318,3870
1543966318,3865
1543967318,3888
1543977745,3877
1543978745,3883
1543979745,3879
1543980745,3873
1543981745,3874
1543982745,3858
1543983745,3878
1543984745,3871
1543985745,3897
1543986745,3835
1543987745,3891
1543988745,3876
1543989745,3887
1543990745,3881
1543991745,3886
1543992745,3875
1543993745,3883
1543994745,3882
1543995745,3861
1543996745,3858
1544007172,3874
1544008172,3881
1544009172,3888
1544010172,3881
1544011172,3866
1544012172,3881
1544013172,3910
1544014172,3875
1544015172,3882
1544016172,3898
1544017172,3882
1544018172,3897
1544019172,3877
1544020172,3882
1544021172,3859
1544022172,3874
1544023172,3873
1544024172,3873
1544025172,3870
1544026172,3874
1544036599,3890
1544037599,3859
1544038599,3872
1544039599,3889
1544040599,3882
1544041599,3883
1544042599,3875
1544043599,3883
1544044599,3879
1544045599,3875
1544046599,3842
1544047599,3875
1544048599,3887
1544049599,3874
1544050599,3863
1544051599,3878
1544052599,3871
1544053599,3879
1544054599,3887
1544065054,3884
1544066054,3869
1544067054,3872
1544068054,3878
1544069054,3874
1544070054,3885
1544071054,3894
1544072054,3878
1544073054,3888
1544074054,3879
1544075054,3860
1544076054,3888
1544077054,3869
1544078054,3862
1544079054,3874
1544080054,3862
1544081054,3859
1544082054,3919
1544083054,3873
1544084054,3869
1544094480,3874
1544095480,3879
1544096480,3875
1544097480,3888
1544098480,3863
1544099480,3866
1544100480,3869
1544101480,3880
1544102480,3877
1544103480,3893
1544104480,3875
1544105480,3876
1544106480,3871
1544107480,3868
1544108480,3878
1544109480,3871
1544110480,3883
1544111480,3879
1544112480,3903
1544113480,3870
1544123924,3874
1544124924,3871
1544125924,3886
1544126924,3878
1544127924,3855
1544128924,3867
1544129924,3877
1544130924,3882
1544131924,3871
1544132924,3879
1544133924,3879
1544134924,3882
1544135924,3883
1544136924,3870
1544137924,3875
1544138924,3870
1544139924,3892
1544140924,3879
1544141924,3879
1544142924,3874
1544153351,3875
1544154351,3890
1544155351,3866
1544156351,3862
1544157351,3862
1544158351,3878
1544159351,3885
1544160351,3898
1544161351,3872
1544162351,3882
1544163351,3884
1544164351,3869
1544165351,3877
1544166351,3879
1544167351,3889
1544168351,3879
1544169351,3874
1544170351,3871
1544171351,3871
1544172351,3865
1544182778,3873
1544183778,3881
1544184778,3877
1544185778,3887
1544186778,3873
1544187778,3868
1544188778,3857
1544189778,3863
1544190778,3877
1544191778,3881
1544192778,3862
1544193778,3824
1544194778,3874
1544195778,3885
1544196778,3878
1544197778,3879
1544198778,3876
1544199778,3873
1544200778,3869
1544201778,3869
1544212205,3824
1544213205,3882
1544214205,3926
1544215205,3882
1544216205,3865
1544217205,3886
1544218205,3873
1544219205,3862
1544220205,3883
1544221205,3875
1544222205,3877
1544223205,3875
1544224205,3893
1544225205,3874
1544226205,3869
1544227205,3877
1544228205,3882
1544229205,3886
1544230205,3869
1544240659,3846
1544241659,3876
1544242659,3874
1544243659,3873
1544244659,3869
1544245659,3856
1544246659,3877
1544247659,3879
1544248659,3867
1544249659,3885
1544250659,3863
1544251659,3882
1544252659,3883
1544253659,3874
1544254659,3871
1544255659,3881
1544256659,3880
1544257659,3883
1544258659,3881
1544259659,3886
1544270086,3839
1544271086,3887
1544272086,3883
1544273086,3897
1544274086,3882
1544275086,3875
1544276086,3873
1544277086,3871
1544278086,3877
1544279086,3882
1544280086,3873
1544281086,3872
1544282086,3879
1544283086,3843
1544284086,3866
1544285086,3828
1544286086,3866
1544287086,3859
1544288086,3881
1544289086,3903
1544299530,3870
1544300530,3873
1544301530,3874
1544302530,3863
1544303530,3867
1544304530,3875
1544305530,3864
1544306530,3871
1544307530,3871
1544308530,3886
1544309530,3867
1544310530,3857
1544311530,3856
1544312530,3877
1544313530,3883
1544314530,3875
1544315530,3873
1544316530,3871
1544317530,3881
1544318530,3863
1544328957,3865
1544329957,3833
1544330957,3877
1544331957,3876
1544332957,3867
1544333957,3879
1544334957,3873
1544335957,3856
1544336957,3866
1544337957,3871
1544338957,3865
1544339957,3875
1544340957,3856
1544341957,3869
1544342957,3856
1544343957,3869
1544344957,3872
1544345957,3872
1544346957,3879
1544347957,3872
1544358384,3869
1544359384,3874
1544360384,3876
1544361384,3885
1544362384,3873
1544363384,3876
1544364384,3870
1544365384,3887
1544366384,3881
1544367384,3881
1544368384,3856
1544369384,3859
1544370384,3867
1544371384,3881
1544372384,3879
1544373384,3874
1544374384,3875
1544375384,3877
1544376384,3869
1544377384,3869
1544387811,3879
1544388811,3877
1544389811,3872
1544390811,3870
1544391811,3888
1544392811,3877
1544393811,3879
1544394811,3858
1544395811,3850
1544396811,3866
1544397811,3874
1544398811,3872
1544399811,3875
1544400811,3877
1544401811,3871
1544402811,3850
1544403811,3881
1544404811,3866
1544405811,3881
1544416265,3875
1544417265,3893
1544418265,3868
1544419265,3889
1544420265,3888
1544421265,3888
1544422265,3870
1544423265,3876
1544424265,3877
1544425265,3875
1544426265,3887
1544427265,3885
1544428265,3887
1544429265,3886
1544430265,3883
1544431265,3879
1544432265,3881
1544433265,3873
1544434265,3877
1544435265,3875
1544445692,3874
1544446692,3869
1544447692,3888
1544448692,3870
1544449692,3869
1544450692,3885
1544451692,3888
1544452692,3883
1544453692,3872
1544454692,3872
1544455692,3881
1544456692,3863
1544457692,3869
1544458692,3888
1544459692,3878
1544460692,3883
1544461692,3872
1544462692,3875
1544463692,3873
1544464692,3867
1544475136,3876
1544476136,3883
1544477136,3869
1544478136,3873
1544479136,3879
1544480136,3872
1544481136,3870
1544482136,3875
1544483136,3881
1544484136,3885
1544485136,3881
1544486136,3872
1544487136,3870
1544488136,3877
1544489136,3867
1544490136,3874
1544491136,3857
1544492136,3873
1544493136,3881
1544494136,3872
1544504565,3879
1544505565,3872
1544506565,3874
1544507565,3831
1544508565,3877
1544509565,3874
1544510565,3869
1544511565,3871
1544512565,3861
1544513565,3863
1544514565,3871
1544515565,3869
1544516565,3871
1544517565,3879
1544518565,3867
1544519565,3876
1544520565,3878
1544521565,3879
1544522565,3873
1544523565,3888
1544533990,3876
1544534990,3872
1544535990,3855
1544536990,3892
1544537990,3854
1544538990,3874
1544539990,3888
1544540990,3881
1544541990,3870
1544542990,3885
1544543990,3870
1544544990,3879
1544545990,3863
1544546990,3870
1544547990,3876
1544548990,3885
1544549990,3889
1544550990,3897
1544551990,3871
1544552990,3885
1544563417,3874
1544564417,3875
1544565417,3879
1544566417,3830
1544567417,3885
1544568417,3882
1544569417,3887
1544570417,3871
1544571417,3901
1544572417,3870
1544573417,3875
1544574417,3874
1544575417,3863
1544576417,3872
1544577417,3875
1544578417,3888
1544579417,3882
1544580417,3884
1544581417,3883
1544591871,3881
1544592871,3873
1544593871,3866
1544594871,3882
1544595871,3877
1544596871,3862
1544597871,3869
1544598871,3868
1544599871,3866
1544600871,3873
1544601871,3869
1544602871,3856
1544603871,3839
1544604871,3877
1544605871,3909
1544606871,3886
1544607871,3878
1544608871,3871
1544609871,3861
1544610871,3825
1544621298,3874
1544622298,3877
1544623298,3861
1544624298,3882
1544625298,3877
1544626298,3874
1544627298,3873
1544628298,3871
1544629298,3874
1544630298,3873
1544631298,3874
1544632298,3870
1544633298,3857
1544634298,3869
1544635298,3875
1544636298,3862
1544637298,3882
1544638298,3883
1544639298,3885
1544640298,3891
1544650742,3884
1544651742,3933
1544652742,3878
1544653742,3867
1544654742,3863
1544655742,3861
1544656742,3882
1544657742,3866
1544658742,3858
1544659742,3875
1544660742,3871
1544661742,3891
1544662742,3883
1544663742,3879
1544664742,3877
1544665742,3881
1544666742,3877
1544667742,3861
1544668742,3857
1544669742,3873
1544680169,3875
1544681169,3869
1544682169,3868
1544683169,3885
1544684169,3871
1544685169,3859
1544686169,3885
1544687169,3874
1544688169,3862
1544689169,3849
1544690169,3882
1544691169,3872
1544692169,3875
1544693169,3861
1544694169,3872
1544695169,3867
1544696169,3873
1544697169,3885
1544698169,3872
1544699169,3890
1544709596,3878
1544710596,3883
1544711596,3867
1544712596,3883
1544713596,3873
1544714596,3862
1544715596,3872
1544716596,3879
1544717596,3872
1544718596,3871
1544719596,3873
1544720596,3872
1544721596,3886
1544722596,3854
1544723596,3867
1544724596,3882
1544725596,3859
1544726596,3871
1544727596,3861
1544728596,3872
1544739023,3891
1544740023,3871
1544741023,3875
1544742023,3861
1544743023,3859
1544744023,3874
1544745023,3885
1544746023,3869
1544747023,3878
1544748023,3869
1544749023,3872
1544750023,3866
1544751023,3847
1544752023,3876
1544753023,3865
1544754023,3873
1544755023,3881
1544756023,3837
1544757023,3879
1544767486,3879
1544768486,3871
1544769486,3885
1544770486,3867
1544771486,3889
1544772486,3863
1544773486,3861
1544774486,3874
1544775486,3872
1544776486,3877
1544777486,3866
1544778486,3882
1544779486,3871
1544780486,3879
1544781486,3877
1544782486,3882
1544783486,3876
1544784486,3866
1544785486,3879
1544786486,3862
1544796904,3861
1544797904,3869
1544798904,3873
1544799904,3873
1544800904,3891
1544801904,3873
1544802904,3873
1544803904,3863
1544804904,3873
1544805904,3883
1544806904,3874
1544807904,3851
1544808904,3877
1544809904,3883
1544810904,3879
1544811904,3871
1544812904,3888
1544813904,3857
1544814904,3845
1544815904,3873
1544826348,3883
1544827348,3868
1544828348,3873
1544829348,3882
1544830348,3914
1544831348,3863
1544832348,3879
1544833348,3851
1544834348,3877
1544835348,3892
1544836348,3863
1544837348,3875
1544838348,3887
1544839348,3872
1544840348,3843
1544841348,3856
1544842348,3865
1544843348,3875
1544844348,3870
1544845348,3875
1544855775,3887
1544856775,3877
1544857775,3877
1544858775,3878
1544859775,3883
1544860775,3880
1544861775,3874
1544862775,3871
1544863775,3873
1544864775,3889
1544865775,3879
1544866775,3878
1544867775,3874
1544868775,3881
1544869775,3874
1544870775,3881
1544871775,3876
1544872775,3874
1544873775,3907
1544874775,3859
1544885202,3878
1544886202,3877
1544887202,3874
1544888202,3888
1544889202,3879
1544890202,3873
1544891202,3879
1544892202,3877
1544893202,3876
1544894202,3872
1544895202,3885
1544896202,3879
1544897202,3867
1544898202,3876
1544899202,3862
1544900202,3871
1544901202,3888
1544902202,3871
1544903202,3873
1544904202,3877
1544914629,3873
1544915629,3874
1544916629,3874
1544917629,3876
1544918629,3871
1544919629,3857
1544920629,3872
1544921629,3877
1544922629,3863
1544923629,3861
1544924629,3860
1544925629,3873
1544926629,3893
1544927629,3886
1544928629,3874
1544929629,3870
1544930629,3863
1544931629,3882
1544932629,3868
1544943083,3877
1544944083,3869
1544945083,3863
1544946083,3883
1544947083,3882
1544948083,3876
1544949083,3882
1544950083,3876
1544951083,3867
1544952083,3872
1544953083,3876
1544954083,3872
1544955083,3875
1544956083,3860
1544957083,3868
1544958083,3885
1544959083,3877
1544960083,3879
1544961083,3859
1544962083,3881
1544972510,3856
1544973510,3879
1544974510,3878
1544975510,3851
1544976510,3883
1544977510,3886
1544978510,3894
1544979510,3887
1544980510,3865
1544981510,3837
1544982510,3911
1544983510,3877
1544984510,3878
1544985510,3970
1544986510,3869
1544987510,3878
1544988510,3867
1544989510,3863
1544990510,3873
1544991510,3888
1545001954,3869
1545002954,3951
1545003954,3871
1545004954,3878
1545005954,3854
1545006954,3878
1545007954,3878
1545008954,3869
1545009954,3872
1545010954,3866
1545011954,3881
1545012954,3881
1545013954,3869
1545014954,3881
1545015954,3889
1545016954,3856
1545017954,3887
1545018954,3874
1545019954,3885
1545020954,3858
1545031381,3888
1545032381,3875
1545033381,3870
1545034381,3879
1545035381,3860
1545036381,3884
1545037381,3882
1545038381,3894
1545039381,3873
1545040381,3879
1545041381,3870
1545042381,3859
1545043381,3867
1545044381,3888
1545045381,3878
1545046381,3856
1545047381,3883
1545048381,3882
1545049381,3877
1545050381,3882
1545060808,3867
1545061808,3877
1545062808,3878
1545063808,3883
1545064808,3867
1545065808,3869
1545066808,3876
1545067808,3871
1545068808,3863
1545069808,3881
1545070808,3879
1545071808,3875
1545072808,3881
1545073808,3869
1545074808,3879
1545075808,3875
1545076808,3885
1545077808,3856
1545078808,3875
1545079808,3869
1545090242,3869
1545091242,3878
1545092242,3878
1545093242,3853
1545094242,3888
1545095242,3885
1545096242,3874
1545097242,3868
1545098242,3877
1545099242,3859
1545100242,3874
1545101242,3856
1545102242,3862
1545103242,3876
1545104242,3873
1545105242,3909
1545106242,3871
1545107242,3877
1545108242,3872
1545118689,3888
1545119689,3882
1545120689,3876
1545121689,3878
1545122689,3878
1545123689,3878
1545124689,3874
1545125689,3886
1545126689,3901
1545127689,3871
1545128689,3858
1545129689,3868
1545130689,3867
1545131689,3866
1545132689,3883
1545133689,3872
1545134689,3878
1545135689,3882
1545136689,3877
1545137689,3890
1545148116,3873
1545149116,3868
1545150116,3877
1545151116,3872
1545152116,3870
1545153116,3895
1545154116,3881
1545155116,3950
1545156116,3877
1545157116,3889
1545158116,3887
1545159116,3875
1545160116,3886
1545161116,3891
1545162116,3865
1545163116,3903
1545164116,3856
1545165116,3873
1545166116,3868
1545167116,3869
1545177564,3884
1545178564,3871
1545179564,3858
1545180564,3864
1545181564,3879
1545182564,3875
1545183564,3901
1545184564,3876
1545185564,3882
1545186564,3874
1545187564,3891
1545188564,3868
1545189564,3877
1545190564,3873
1545191564,3867
1545192564,3884
1545193564,3873
1545194564,3882
1545195564,3859
1545196564,3845
1545206987,3862
1545207987,3882
1545208987,3886
1545209987,3878
1545210987,3887
1545211987,3857
1545212987,3875
1545213987,3873
1545214987,3867
1545215987,3873
1545216987,3865
1545217987,3879
1545218987,3867
1545219987,3877
1545220987,3874
1545221987,3887
1545222987,3876
1545223987,3874
1545224987,3885
1545225987,3870
1545236413,3882
1545237413,3874
1545238413,3857
1545239413,3877
1545240413,3866
1545241413,3882
1545242413,3866
1545243413,3865
1545244413,3884
1545245413,3886
1545246413,3883
1545247413,3872
1545248413,3867
1545249413,3863
1545250413,3875
1545251413,3879
1545252413,3888
1545253413,3870
1545254413,3868
1545255413,3874
1545265840,3867
1545266840,3887
1545267840,3876
1545268840,3877
1545269840,3855
1545270840,3821
1545271840,3878
1545272840,3871
1545273840,3856
1545274840,3885
1545275840,3875
1545276840,3890
1545277840,3877
1545278840,3888
1545279840,3880
1545280840,3862
1545281840,3871
1545282840,3863
1545283840,3865
1545294295,3879
1545295295,3878
1545296295,3876
1545297295,3869
1545298295,3879
1545299295,3888
1545300295,3866
1545301295,3878
1545302295,3870
1545303295,3891
1545304295,3880
1545305295,3889
1545306295,3863
1545307295,3885
1545308295,3855
1545309295,3872
1545310295,3879
1545311295,3862
1545312295,3875
1545313295,3869
1545323722,3870
1545324722,3877
1545325722,3872
1545326722,3883
1545327722,3886
1545328722,3879
1545329722,3898
1545330722,3887
1545331722,3878
1545332722,3876
1545333722,3884
1545334722,3870
1545335722,3874
1545336722,3881
1545337722,3867
1545338722,3869
1545339722,3892
1545340722,3885
1545341722,3877
1545342722,3877
1545353166,3877
1545354166,3881
1545355166,3869
1545356166,3879
1545357166,3862
1545358166,3877
1545359166,3886
1545360166,3878
1545361166,3875
1545362166,3877
1545363166,3877
1545364166,3882
1545365166,3888
1545366166,3858
1545367166,3881
1545368166,3870
1545369166,3866
1545370166,3877
1545371166,3878
1545372166,3874
1545382594,3869
1545383594,3873
1545384594,3877
1545385594,3882
1545386594,3885
1545387594,3867
1545388594,3883
1545389594,3850
1545390594,3873
1545391594,3865
1545392594,3869
1545393594,3871
1545394594,3879
1545395594,3883
1545396594,3861
1545397594,3869
1545398594,3871
1545399594,3875
1545400594,3879
1545401594,3873
1545412019,3878
1545413019,3857
1545414019,3871
1545415019,3887
1545416019,3883
1545417019,3879
1545418019,3879
1545419019,3856
1545420019,3883
1545421019,3858
1545422019,3888
1545423019,3857
1545424019,3872
1545425019,3885
1545426019,3881
1545427019,3885
1545428019,3843
1545429019,3884
1545430019,3867
1545431019,3879
1545441446,3872
1545442446,3877
1545443446,3886
1545444446,3887
1545445446,3871
1545446446,3870
1545447446,3876
1545448446,3863
1545449446,3876
1545450446,3869
1545451446,3869
1545452446,3871
1545453446,3881
1545454446,3862
1545455446,3879
1545456446,3865
1545457446,3873
1545458446,3865
1545459446,3882
1545469901,3875
1545470901,3859
1545471901,3885
1545472901,3883
1545473901,3878
1545474901,3877
1545475901,3875
1545476901,3865
1545477901,3863
1545478901,3870
1545479901,3866
1545480901,3870
1545481901,3891
1545482901,3873
1545483901,3859
1545484901,3872
1545485901,3871
1545486901,3837
1545487901,3887
1545488901,3883
1545499328,3886
1545500328,3872
1545501328,3879
1545502328,3888
1545503328,3870
1545504328,3869
1545505328,3874
1545506328,3878
1545507328,3845
1545508328,3883
1545509328,3893
1545510328,3886
1545511328,3855
1545512328,3884
1545513328,3890
1545514328,3877
1545515328,3883
1545516328,3856
1545517328,3878
1545518328,3891
1545528771,3873
1545529771,3870
1545530771,3881
1545531771,3883
1545532771,3857
1545533771,3857
1545534771,3860
1545535771,3874
1545536771,3885
1545537771,3875
1545538771,3863
1545539771,3882
1545540771,3873
1545541771,3883
1545542771,3876
1545543771,3888
1545544771,3875
1545545771,3882
1545546771,3870
1545547771,3875
1545558198,3888
1545559198,3870
1545560198,3874
1545561198,3873
1545562198,3854
1545563198,3869
1545564198,3887
1545565198,3887
1545566198,3882
1545567198,3859
1545568198,3870
1545569198,3875
1545570198,3875
1545571198,3870
1545572198,3883
1545573198,3878
1545574198,3881
1545575198,3881
1545576198,3877
1545577198,3889
1545587625,3860
1545588625,3888
1545589625,3876
1545590625,3863
1545591625,3875
1545592625,3871
1545593625,3872
1545594625,3877
1545595625,3869
1545596625,3867
1545597625,3876
1545598625,3864
1545599625,3876
1545600625,3869
1545601625,3899
1545602625,3876
1545603625,3871
1545604625,3882
1545605625,3870
1545606625,3869
1545617052,3869
1545618052,3877
1545619052,3875
1545620052,3888
1545621052,3886
1545622052,3862
1545623052,3875
1545624052,3867
1545625052,3872
1545626052,3869
1545627052,3883
1545628052,3863
1545629052,3883
1545630052,3877
1545631052,3874
1545632052,3863
1545633052,3888
1545634052,3866
1545635052,3879
1545645507,3914
1545646507,3889
1545647507,3883
1545648507,3881
1545649507,3879
1545650507,3874
1545651507,3881
1545652507,3884
1545653507,3872
1545654507,3876
1545655507,3875
1545656507,3875
1545657507,3875
1545658507,3873
1545659507,3881
1545660507,3882
1545661507,3866
1545662507,3879
1545663507,3877
1545664507,3898
1545674933,3888
1545675933,3888
1545676933,3881
1545677933,3868
1545678933,3879
1545679933,3891
1545680933,3881
1545681933,3877
1545682933,3881
1545683933,3891
1545684933,3886
1545685933,3885
1545686933,3884
1545687933,3871
1545688933,3881
1545689933,3888
1545690933,3876
1545691933,3885
1545692933,3871
1545693933,3872
1545704377,3875
1545705377,3886
1545706377,3877
1545707377,3849
1545708377,3888
1545709377,3871
1545710377,3879
1545711377,3867
1545712377,3863
1545713377,3863
1545714377,3860
1545715377,3888
1545716377,3877
1545717377,3873
1545718377,3870
1545719377,3869
1545720377,3871
1545721377,3867
1545722377,3866
1545723377,3875
1545733804,3868
1545734804,3869
1545735804,3874
1545736804,3863
1545737804,3875
1545738804,3861
1545739804,3883
1545740804,3888
1545741804,3853
1545742804,3877
1545743804,3875
1545744804,3885
1545745804,3888
1545746804,3873
1545747804,3884
1545748804,3863
1545749804,3863
1545750804,3883
1545751804,3869
1545752804,3874
1545763239,3872
1545764239,3885
1545765239,3875
1545766239,3863
1545767239,3872
1545768239,3874
1545769239,3883
1545770239,3879
1545771239,3875
1545772239,3885
1545773239,3888
1545774239,3867
1545775239,3856
1545776239,3861
1545777239,3881
1545778239,3872
1545779239,3876
1545780239,3883
1545781239,3858
1545782239,3861
1545792658,3882
1545793658,3866
1545794658,3871
1545795658,3883
1545796658,3873
1545797658,3883
1545798658,3888
1545799658,3869
1545800658,3870
1545801658,3879
1545802658,3887
1545803658,3867
1545804658,3889
1545805658,3856
1545806658,3873
1545807658,3873
1545808658,3876
1545809658,3872
1545810658,3873
1545821112,3884
1545822112,3870
1545823112,3881
1545824112,3889
1545825112,3853
1545826112,3879
1545827112,3894
1545828112,3887
1545829112,3875
1545830112,3865
1545831112,3872
1545832112,3883
1545833112,3859
1545834112,3875
1545835112,3877
1545836112,3866
1545837112,3871
1545838112,3889
1545839112,3843
1545840112,3863
1545850539,3888
1545851539,3871
1545852539,3868
1545853539,3884
1545854539,3871
1545855539,3884
1545856539,3863
1545857539,3869
1545858539,3887
1545859539,3871
1545860539,3879
1545861539,3906
1545862539,3856
1545863539,3871
1545864539,3863
1545865539,3886
1545866539,3867
1545867539,3877
1545868539,3879
1545869539,3879
1545879983,3858
1545880983,3861
1545881983,3875
1545882983,3866
1545883983,3877
1545884983,3875
1545885983,3879
1545886983,3875
1545887983,3884
1545888983,3855
1545889983,3868
1545890983,3876
1545891983,3857
1545892983,3867
1545893983,3869
1545894983,3875
1545895983,3885
1545896983,3878
1545897983,3881
1545898983,3879
1545909410,3872
1545910410,3883
1545911410,3863
1545912410,3878
1545913410,3877
1545914410,3883
1545915410,3872
1545916410,3865
1545917410,3872
1545918410,3858
1545919410,3879
1545920410,3876
1545921410,3867
1545922410,3873
1545923410,3878
1545924410,3872
1545925410,3865
1545926410,3887
1545927410,3881
1545928410,3872
1545938837,3871
1545939837,3888
1545940837,3892
1545941837,3875
1545942837,3867
1545943837,3862
1545944837,3865
1545945837,3870
1545946837,3866
1545947837,3871
1545948837,3883
1545949837,3868
1545950837,3870
1545951837,3877
1545952837,3877
1545953837,3935
1545954837,3858
1545955837,3859
1545956837,3845
1545957837,3879
1545968266,3872
1545969266,3824
1545970266,3873
1545971266,3886
1545972266,3887
1545973266,3867
1545974266,3878
1545975266,3870
1545976266,3871
1545977266,3872
1545978266,3880
1545979266,3879
1545980266,3885
1545981266,3881
1545982266,3869
1545983266,3890
1545984266,3878
1545985266,3783
1545986266,3881
1545996718,3867
1545997718,3899
1545998718,3825
1545999718,3877
1546000718,3874
1546001718,3867
1546002718,3885
1546003718,3869
1546004718,3870
1546005718,3875
1546006718,3867
1546007718,3881
1546008718,3861
1546009718,3879
1546010718,3871
1546011718,3881
1546012718,3875
1546013718,3873
1546014718,3874
1546015718,3888
1546026145,3872
1546027145,3875
1546028145,3887
1546029145,3879
1546030145,3861
1546031145,3866
1546032145,3896
1546033145,3886
1546034145,3875
1546035145,3877
1546036145,3885
1546037145,3878
1546038145,3881
1546039145,3872
1546040145,3869
1546041145,3893
1546042145,3847
1546043145,3871
1546044145,3878
1546045145,3873
1546055594,3860
1546056594,3865
1546057594,3827
1546058594,3875
1546059594,3883
1546060594,3877
1546061594,3868
1546062594,3888
1546063594,3875
1546064594,3878
1546065594,3888
1546066594,3867
1546067594,3870
1546068594,3874
1546069594,3859
1546070594,3866
1546071594,3867
1546072594,3861
1546073594,3869
1546074594,3860
1546085016,3883
1546086016,3854
1546087016,3871
1546088016,3868
1546089016,3888
1546090016,3869
1546091016,3888
1546092016,3874
1546093016,3882
1546094016,3886
1546095016,3877
1546096016,3888
1546097016,3874
1546098016,3840
1546099016,3883
1546100016,3882
1546101016,3871
1546102016,3869
1546103016,3891
1546104016,3888
1546114443,3869
1546115443,3883
1546116443,3876
1546117443,3874
1546118443,3909
1546119443,3856
1546120443,3867
1546121443,3919
1546122443,3889
1546123443,3876
1546124443,3875
1546125443,3887
1546126443,3905
1546127443,3865
1546128443,3836
1546129443,3872
1546130443,3835
1546131443,3877
1546132443,3873
1546133443,3865
1546143870,3861
1546144870,3888
1546145870,3874
1546146870,3884
1546147870,3867
1546148870,3879
1546149870,3870
1546150870,3875
1546151870,3870
1546152870,3870
1546153870,3873
1546154870,3881
1546155870,3888
1546156870,3889
1546157870,3869
1546158870,3884
1546159870,3874
1546160870,3888
1546161870,3867
1546172324,3885
1546173324,3887
1546174324,3876
1546175324,3879
1546176324,3878
1546177324,3859
1546178324,3846
1546179324,3863
1546180324,3873
1546181324,3881
1546182324,3879
1546183324,3883
1546184324,3874
1546185324,3887
1546186324,3865
1546187324,3877
1546188324,3879
1546189324,3872
1546190324,3867
1546191324,3877
1546201751,3897
1546202751,3825
1546203751,3845
1546204751,3901
1546205751,3874
1546206751,3881
1546207751,3861
1546208751,3872
1546209751,3898
1546210751,3889
1546211751,3866
1546212751,3885
1546213751,3883
1546214751,3873
1546215751,3893
1546216751,3878
1546217751,3872
1546218751,3879
1546219751,3868
1546220751,3888
1546231195,3887
1546232195,3887
1546233195,3875
1546234195,3888
1546235195,3877
1546236195,3885
1546237195,3877
1546238195,3862
1546239195,3876
1546240195,3871
1546241195,3859
1546242195,3877
1546243195,3881
1546244195,3874
1546245195,3881
1546246195,3901
1546247195,3871
1546248195,3862
1546249195,3858
1546250195,3831
1546260622,3878
1546261622,3885
1546262622,3875
1546263622,3870
1546264622,3868
1546265622,3817
1546266622,3875
1546267622,3895
1546268622,3907
1546269622,3875
1546270622,3871
1546271622,3884
1546272622,3871
1546273622,3875
1546274622,3870
1546275622,3875
1546276622,3869
1546277622,3879
1546278622,3872
1546279622,3873
1546290049,3885
1546291049,3869
1546292049,3898
1546293049,3854
1546294049,3877
1546295049,3865
1546296049,3885
1546297049,3887
1546298049,3861
1546299049,3881
1546300049,3862
1546301049,3875
1546302049,3899
1546303049,3884
1546304049,3879
1546305049,3874
1546306049,3891
1546307049,3873
1546308049,3878
1546309049,3878
1546319476,3873
1546320476,3859
1546321476,3881
1546322476,3874
1546323476,3885
1546324476,3870
1546325476,3921
1546326476,3877
1546327476,3887
1546328476,3871
1546329476,3874
1546330476,3885
1546331476,3867
1546332476,3879
1546333476,3883
1546334476,3873
1546335476,3863
1546336476,3876
1546337476,3854
1546347930,3887
1546348930,3874
1546349930,3888
1546350930,3873
1546351930,3907
1546352930,3883
1546353930,3879
1546354930,3876
1546355930,3873
1546356930,3872
1546357930,3888
1546358930,3877
1546359930,3885
1546360930,3882
1546361930,3873
1546362930,3875
1546363930,3872
1546364930,3889
1546365930,3877
1546366930,3865
1546377357,3887
1546378357,3882
1546379357,3878
1546380357,3866
1546381357,3881
1546382357,3904
1546383357,3870
1546384357,3886
1546385357,3839
1546386357,3871
1546387357,3871
1546388357,3872
1546389357,3861
1546390357,3887
1546391357,3881
1546392357,3879
1546393357,3893
1546394357,3856
1546395357,3873
1546396357,3872
1546406801,3879
1546407801,3886
1546408801,3871
1546409801,3872
1546410801,3871
1546411801,3868
1546412801,3887
1546413801,3887
1546414801,3883
1546415801,3878
1546416801,3872
1546417801,3871
1546418801,3893
1546419801,3878
1546420801,3874
1546421801,3863
1546422801,3869
1546423801,3888
1546424801,3869
1546425801,3853
1546436236,3876
1546437236,3870
1546438236,3903
1546439236,3882
1546440236,3870
1546441236,3874
1546442236,3877
1546443236,3866
1546444236,3869
1546445236,3858
1546446236,3871
1546447236,3867
1546448236,3824
1546449236,3859
1546450236,3839
1546451236,3874
1546452236,3874
1546453236,3881
1546454236,3871
1546455236,3859
1546465655,3856
1546466655,3867
1546467655,3873
1546468655,3888
1546469655,3869
1546470655,3885
1546471655,3878
1546472655,3875
1546473655,3879
1546474655,3879
1546475655,3874
1546476655,3865
1546477655,3875
1546478655,3839
1546479655,3882
1546480655,3883
1546481655,3879
1546482655,3877
1546483655,3844
1546484655,3882
1546495081,3879
1546496081,3876
1546497081,3881
1546498081,3878
1546499081,3879
1546500081,3881
1546501081,3871
1546502081,3856
1546503081,3875
1546504081,3911
1546505081,3869
1546506081,3880
1546507081,3873
1546508081,3881
1546509081,3887
1546510081,3883
1546511081,3872
1546512081,3856
1546513081,3870
1546523536,3886
1546524536,3880
1546525536,3883
1546526536,3869
1546527536,3868
1546528536,3859
1546529536,3887
1546530536,3870
1546531536,3838
1546532536,3888
1546533536,3881
1546534536,3879
1546535536,3839
1546536536,3888
1546537536,3888
1546538536,3877
1546539536,3871
1546540536,3883
1546541536,3869
1546542536,3883
1546552963,3885
1546553963,3883
1546554963,3888
1546555963,3879
1546556963,3886
1546557963,3871
1546558963,3873
1546559963,3878
1546560963,3874
1546561963,3858
1546562963,3879
1546563963,3877
1546564963,3882
1546565963,3870
1546566963,3875
1546567963,3878
1546568963,3882
1546569963,3870
1546570963,3875
1546571963,3879
1546582407,3870
1546583407,3874
1546584407,3872
1546585407,3869
1546586407,3869
1546587407,3880
1546588407,3875
1546589407,3871
1546590407,3872
1546591407,3886
1546592407,3888
1546593407,3875
1546594407,3873
1546595407,3883
1546596407,3879
1546597407,3887
1546598407,3857
1546599407,3884
1546600407,3879
1546601407,3857
1546611834,3883
1546612834,3859
1546613834,3877
1546614834,3882
1546615834,3879
1546616834,3888
1546617834,3872
1546618834,3856
1546619834,3863
1546620834,3875
1546621834,3876
1546622834,3856
1546623834,3871
1546624834,3899
1546625834,3888
1546626834,3877
1546627834,3885
1546628834,3895
1546629834,3839
1546630834,3907
1546641260,3859
1546642260,3877
1546643260,3871
1546644260,3888
1546645260,3871
1546646260,3883
1546647260,3875
1546648260,3888
1546649260,3871
1546650260,3871
1546651260,3872
1546652260,3877
1546653260,3867
1546654260,3871
1546655260,3867
1546656260,3859
1546657260,3886
1546658260,3886
1546659260,3875
1546660260,3883
1546670687,3877
1546671687,3869
1546672687,3890
1546673687,3872
1546674687,3873
1546675687,3863
1546676687,3850
1546677687,3890
1546678687,3871
1546679687,3869
1546680687,3882
1546681687,3865
1546682687,3867
1546683687,3872
1546684687,3865
1546685687,3871
1546686687,3841
1546687687,3861
1546688687,3890
1546699142,3881
1546700142,3862
1546701142,3872
1546702142,3851
1546703142,3882
1546704142,3871
1546705142,3883
1546706142,3873
1546707142,3877
1546708142,3884
1546709142,3874
1546710142,3866
1546711142,3871
1546712142,3875
1546713142,3888
1546714142,3869
1546715142,3869
1546716142,3863
1546717142,3877
1546718142,3873
1546728571,3887
1546729571,3878
1546730571,3863
1546731571,3870
1546732571,3883
1546733571,3867
1546734571,3879
1546735571,3879
1546736571,3871
1546737571,3884
1546738571,3877
1546739571,3866
1546740571,3877
1546741571,3878
1546742571,3884
1546743571,3877
1546744571,3875
1546745571,3873
1546746571,3887
1546747571,3859
1546758013,3881
1546759013,3871
1546760013,3885
1546761013,3878
1546762013,3874
1546763013,3882
1546764013,3891
1546765013,3881
1546766013,3872
1546767013,3887
1546768013,3829
1546769013,3873
1546770013,3869
1546771013,3829
1546772013,3875
1546773013,3879
1546774013,3868
1546775013,3871
1546776013,3886
1546777013,3866
1546787439,3874
1546788439,3871
1546789439,3875
1546790439,3869
1546791439,3882
1546792439,3881
1546793439,3873
1546794439,3883
1546795439,3883
1546796439,3879
1546797439,3874
1546798439,3877
1546799439,3881
1546800439,3875
1546801439,3871
1546802439,3884
1546803439,3874
1546804439,3872
1546805439,3863
1546806439,3879
1546816866,3885
1546817866,3874
1546818866,3872
1546819866,3873
1546820866,3885
1546821866,3872
1546822866,3888
1546823866,3867
1546824866,3866
1546825866,3883
1546826866,3839
1546827866,3872
1546828866,3877
1546829866,3862
1546830866,3877
1546831866,3869
1546832866,3873
1546833866,3887
1546834866,3875
1546835866,3863
1546846293,3878
1546847293,3877
1546848293,3877
1546849293,3890
1546850293,3875
1546851293,3863
1546852293,3857
1546853293,3876
1546854293,3871
1546855293,3905
1546856293,3861
1546857293,3887
1546858293,3879
1546859293,3877
1546860293,3879
1546861293,3868
1546862293,3870
1546863293,3888
1546864293,3902
1546874748,3857
1546875748,3874
1546876748,3872
1546877748,3882
1546878748,3875
1546879748,3873
1546880748,3863
1546881748,3879
1546882748,3872
1546883748,3876
1546884748,3872
1546885748,3887
1546886748,3885
1546887748,3883
1546888748,3838
1546889748,3863
1546890748,3882
1546891748,3873
1546892748,3875
1546893748,3872
1546904175,3875
1546905175,3895
1546906175,3875
1546907175,3885
1546908175,3867
1546909175,3853
1546910175,3842
1546911175,3884
1546912175,3870
1546913175,3872
1546914175,3862
1546915175,3871
1546916175,3874
1546917175,3868
1546918175,3888
1546919175,3888
1546920175,3871
1546921175,3866
1546922175,3877
1546923175,3867
1546933618,3868
1546934618,3879
1546935618,3887
1546936618,3874
1546937618,3865
1546938618,3869
1546939618,3875
1546940618,3887
1546941618,3875
1546942618,3882
1546943618,3873
1546944618,3859
1546945618,3851
1546946618,3827
1546947618,3867
1546948618,3856
1546949618,3829
1546950618,3678
1546951618,3581
1546952618,3476
1546963045,2830
1546964045,3025
1546965045,3257
1546966045,3440
1546967045,3471
1546968045,3425
1546969045,3467
1546970045,3599
1546971045,3728
1546972045,3838
1546973045,3863
1546974045,3904
1546975045,3863
1546976045,3859
1546977045,3863
1546978045,3849
1546979045,3845
1546980045,3827
1546981045,3823
1546982045,3804
1546992472,3345
1546993472,3277
1546994472,3185
1546995472,3124
1546996472,3053
1546997472,3007
1546998472,2992
1546999472,2917
1547000472,2852
1547001472,2786
1547002472,2723
1547003472,2672
1547004472,2628
1547005472,2559
1547006472,2509
1547007472,2432
1547008472,2399
1547009472,2356
1547010472,2302
1547011472,2256
1547021899,1805
1547022899,1775
1547023899,1722
1547024899,1712
1547025899,1658
1547026899,1627
1547027899,1588
1547028899,1535
1547029899,1522
1547030899,1472
1547031899,1451
1547032899,1415
1547033899,1360
1547034899,1360
1547035899,1326
1547036899,1299
1547037899,1275
1547038899,1264
1547039899,1279
1547050354,1360
1547051354,1347
1547052354,1337
1547053354,1311
1547054354,1295
1547055354,1271
1547056354,1264
1547057354,1254
1547058354,1254
1547059354,1248
1547060354,1225
1547061354,1202
1547062354,1180
1547063354,1155
1547064354,1137
1547065354,1117
1547066354,1099
1547067354,1090
1547068354,1072
1547069354,1040
1547079780,829
1547080780,815
1547081780,787
1547082780,783
1547083780,768
1547084780,753
1547085780,735
1547086780,732
1547087780,700
1547088780,697
1547089780,671
1547090780,662
1547091780,653
1547092780,641
1547093780,623
1547094780,609
1547095780,609
1547096780,592
1547097780,574
1547098780,573
1547099780,555
1547100780,543
1547101780,529
1547102780,526
1547113200,400
1547114200,413
1547115200,402
1547116200,396
1547117200,399
1547118200,377
1547119200,381
1547120200,363
1547121200,353
1547122200,353
1547123200,353
1547124200,343
1547125200,337
1547126200,333
1547127200,321
1547128200,313
1547129200,312
1547130200,304
1547131200,301
1547132200,289
1547133200,291
1547134200,293
1547135200,278
1547136200,277
1547137200,272
1547147594,228
1547148594,221
1547149594,195
1547150594,209
1547151594,208
1547152594,205
1547153594,191
1547154594,179
1547155594,192
1547156594,197
1547157594,189
1547158594,193
1547159594,185
1547160594,178
1547161594,177
1547162594,177
1547163594,179
1547164594,160
1547165594,170
1547166594,170
1547167594,163
1547168594,169
1547169594,171
1547170594,180
1547181012,224
1547182012,236
1547183012,233
1547184012,249
1547185012,252
1547186012,235
1547187012,241
1547188012,249
1547189012,237
1547190012,233
1547191012,222
1547192012,218
1547193012,224
1547194012,213
1547195012,195
1547196012,224
1547197012,216
1547198012,205
1547199012,203
1547200012,192
1547201012,201
1547202012,203
1547203012,192
1547204012,178
1547214432,161
1547215432,157
1547216432,148
1547217432,150
1547218432,147
1547219432,144
1547220432,145
1547221432,144
1547222432,144
1547223432,144
1547224432,144
1547225432,129
1547226432,141
1547227432,137
1547228432,131
1547229432,136
1547230432,123
1547231432,128
1547232432,123
1547233432,127
1547234432,121
1547235432,123
1547236432,121
1547237432,121
1547247834,105
1547248834,99
1547249834,96
1547250834,109
1547251834,105
1547252834,99
1547253834,109
1547254834,95
1547255834,95
1547256834,91
1547257834,89
1547258834,93
1547259834,95
1547260834,95
1547261834,87
1547262834,92
1547263834,94
1547264834,105
1547265834,71
1547266834,93
1547267834,83
1547268834,87
1547269834,80
1547270834,111
1547271834,91
1547272834,97
1547273834,82
1547274834,111
1547275834,101
1547286227,174
1547287227,172
1547288227,166
1547289227,174
1547290227,161
1547291227,167
1547292227,206
1547293227,159
1547294227,165
1547295227,161
1547296227,145
1547297227,141
1547298227,143
1547299227,144
1547300227,142
1547301227,145
1547302227,144
1547303227,142
1547304227,139
1547305227,136
1547306227,129
1547307227,128
1547308227,128
1547309227,132
1547319622,115
1547320622,111
1547321622,111
1547322622,112
1547323622,113
1547324622,110
1547325622,107
1547326622,104
1547327622,111
1547328622,105
1547329622,112
1547330622,95
1547331622,91
1547332622,101
1547333622,105
1547334622,99
1547335622,104
1547336622,79
1547337622,97
1547338622,95
1547339622,97
1547340622,88
1547341622,89
1547342622,89
1547343622,94
1547344622,88
1547345622,87
1547355993,76
1547356993,92
1547357993,71
1547358993,80
1547359993,81
1547360993,85
1547361993,73
1547362993,73
1547363993,67
1547364993,80
1547365993,80
1547366993,80
1547367993,61
1547368993,76
1547369993,81
1547370993,81
1547371993,91
1547372993,92
1547373993,85
1547374993,85
1547375993,87
1547376993,80
1547377993,82
1547378993,89
1547379993,81
1547380993,83
1547381993,85
1547382993,80
1547383993,111
1547384993,124
1547385993,146
1547396374,208
1547397374,208
1547398374,224
1547399374,209
1547400374,224
1547401374,214
1547402374,215
1547403374,224
1547404374,235
1547405374,244
1547406374,256
1547407374,271
1547408374,256
1547409374,249
1547410374,260
1547411374,250
1547412374,257
1547413374,251
1547414374,251
1547415374,253
1547416374,243
1547417374,244
1547418374,217
1547419374,238
1547429794,195
1547430794,190
1547431794,185
1547432794,185
1547433794,187
1547434794,179
1547435794,181
1547436794,176
1547437794,173
1547438794,183
1547439794,159
1547440794,172
1547441794,163
1547442794,161
1547443794,159
1547444794,157
1547445794,161
1547446794,153
1547447794,144
1547448794,145
1547449794,144
1547450794,143
1547451794,139
1547452794,136
1547463214,115
1547464214,115
1547465214,122
1547466214,112
1547467214,119
1547468214,117
1547469214,111
1547470214,108
1547471214,116
1547472214,104
1547473214,112
1547474214,101
1547475222,111
1547476223,107
1547477223,111
1547478223,104
1547479223,112
1547480223,99
1547481223,104
1547482223,105
1547483223,127
1547484223,145
1547485223,155
1547486223,157
1547496616,209
1547497616,209
1547498616,222
1547499616,223
1547500616,219
1547501616,226
1547502616,228
1547503616,224
1547504616,223
1547505616,209
1547506616,211
1547507616,208
1547508616,205
1547509616,205
1547510616,205
1547511616,187
1547512616,193
1547513616,195
1547514616,184
1547515616,192
1547516616,171
1547517616,187
1547518616,176
1547519616,169
1547520616,176
1547531009,143
1547532009,144
1547533009,141
1547534009,142
1547535009,144
1547536009,134
1547537009,131
1547538009,128
1547539009,126
1547540009,126
1547541009,143
1547542009,123
1547543009,127
1547544009,124
1547545009,114
1547546009,116
1547547009,124
1547548009,119
1547549009,119
1547550009,112
1547551009,112
1547552009,121
1547553009,113
1547554009,106
1547564428,105
1547565428,100
1547566428,123
1547567428,163
1547568428,223
1547569428,335
1547570428,496
1547571428,687
1547572428,828
1547573428,869
1547574428,877
1547575428,960
1547576428,1116
1547577428,1280
1547578428,1451
1547579428,1590
1547580428,1692
1547581428,1744
1547582428,1745
1547583428,1744
1547584428,1712
1547585428,1691
1547595852,1517
1547596852,1481
1547597852,1455
1547598852,1425
1547599852,1396
1547600852,1359
1547601852,1342
1547602852,1296
1547603852,1271
1547604852,1245
1547605852,1221
1547606852,1195
1547607852,1168
1547608852,1148
1547609852,1123
1547610852,1099
1547611852,1073
1547612852,1051
1547613852,1023
1547614852,1008
1547625278,799
1547626278,789
1547627278,776
1547628278,747
1547629278,750
1547630278,721
1547631278,720
1547632278,697
1547633278,685
1547634278,669
1547635278,656
1547636278,643
1547637278,624
1547638278,615
1547639278,611
1547640278,593
1547641278,588
1547642278,567
1547643278,553
1547644278,550
1547645278,533
1547646278,511
1547647278,511
1547648278,501
1547658698,403
1547659698,401
1547660698,388
1547661698,400
1547662698,381
1547663698,371
1547664698,368
1547665698,360
1547666698,356
1547667698,361
1547668698,354
1547669698,351
1547670698,341
1547671698,342
1547672698,329
1547673698,333
1547674698,337
1547675698,319
1547676698,309
1547677698,305
1547678698,309
1547679698,307
1547680698,303
1547681698,301
1547692118,253
1547693118,251
1547694118,246
1547695118,247
1547696118,237
1547697118,239
1547698118,252
1547699118,233
1547700118,236
1547701118,239
1547702118,249
1547703118,229
1547704118,225
1547705118,225
1547706118,220
1547707118,221
1547708118,208
1547709118,207
1547710118,209
1547711118,205
1547712118,208
1547713118,196
1547714118,187
1547715118,189
1547725521,164
1547726521,164
1547727521,159
1547728521,151
1547729521,145
1547730521,155
1547731521,144
1547732521,149
1547733521,144
1547734521,144
1547735521,142
1547736521,140
1547737521,140
1547738521,140
1547739521,137
1547740521,131
1547741521,135
1547742521,131
1547743521,119
1547744521,128
1547745521,127
1547746521,121
1547747521,128
1547748521,117
1547758940,107
1547759940,107
1547760940,103
1547761940,112
1547762940,123
1547763940,105
1547764940,131
1547765940,107
1547766940,118
1547767940,107
1547768940,109
1547769940,99
1547770940,104
1547771940,95
1547772940,102
1547773940,96
1547774940,99
1547775940,86
1547776940,100
1547777940,91
1547778940,93
1547779940,96
1547780940,91
1547781940,96
1547782940,91
1547783940,92
1547784940,82
1547795311,285
1547796311,285
1547797311,280
1547798311,304
1547799311,328
1547800311,322
1547801311,390
1547802311,411
1547803311,456
1547804311,471
1547805311,473
1547806311,467
1547807311,463
1547808311,447
1547809311,458
1547810311,448
1547811311,427
1547812311,429
1547813311,419
1547814311,403
1547815311,398
1547816311,393
1547817311,383
1547818311,379
1547819311,373
1547829703,309
1547830703,303
1547831703,304
1547832703,295
1547833703,289
1547834703,292
1547835703,279
1547836703,291
1547837703,271
1547838703,272
1547839703,256
1547840703,260
1547841703,256
1547842703,251
1547843703,243
1547844703,224
1547845703,235
1547846703,257
1547847703,220
1547848703,228
1547849703,221
1547850703,220
1547851703,217
1547852703,211
1547863123,189
1547864123,180
1547865123,189
1547866123,177
1547867123,180
1547868123,177
1547869123,176
1547870123,174
1547871123,197
1547872123,176
1547873123,176
1547874123,184
1547875123,181
1547876123,228
1547877123,252
1547878123,265
1547879123,261
1547880123,268
1547881123,301
1547882123,340
1547883123,379
1547884123,403
1547885123,427
1547886123,439
1547896543,400
1547897543,387
1547898543,392
1547899543,377
1547900543,376
1547901543,368
1547902543,360
1547903543,353
1547904543,336
1547905543,352
1547906543,321
1547907543,326
1547908543,321
1547909543,323
1547910543,317
1547911543,288
1547912543,316
1547913543,298
1547914543,293
1547915543,297
1547916543,282
1547917543,272
1547918543,272
1547919543,292
1547929946,223
1547930946,225
1547931946,228
1547932946,225
1547933946,221
1547934946,214
1547935946,220
1547936946,212
1547937946,225
1547938946,205
1547939946,203
1547940946,202
1547941946,195
1547942946,192
1547943946,192
1547944946,208
1547945946,201
1547946946,201
1547947946,194
1547948946,193
1547949946,192
1547950946,193
1547951946,176
1547952946,181
1547963365,149
1547964365,150
1547965365,155
1547966365,187
1547967365,239
1547968365,284
1547969365,315
1547970365,323
1547971365,326
1547972365,321
1547973365,323
1547974365,358
1547975365,381
1547976365,371
1547977365,371
1547978365,375
1547979365,382
1547980365,367
1547981365,371
1547982365,369
1547983365,363
1547984365,368
1547985365,377
1547986365,379
1547987365,398
1547997757,464
1547998757,467
1547999757,476
1548000757,488
1548001757,497
1548002757,509
1548003757,506
1548004757,510
1548005757,557
1548006757,592
1548007757,640
1548008757,683
1548009757,713
1548010757,738
1548011757,729
1548012757,715
1548013757,732
1548014757,764
1548015757,808
1548016757,853
1548017757,901
1548018757,938
1548019757,960
1548020757,960
1548031177,849
1548032177,849
1548033177,835
1548034177,848
1548035177,857
1548036177,849
1548037177,847
1548038177,835
1548039177,815
1548040177,805
1548041177,784
1548042177,779
1548043177,783
1548044177,768
1548045177,770
1548046177,764
1548047177,752
1548048177,736
1548049177,721
1548050177,710
1548051177,697
1548052177,715
1548053177,742
1548054177,775
1548064597,851
1548065597,848
1548066597,835
1548067597,817
1548068597,803
1548069597,799
1548070597,795
1548071597,807
1548072597,831
1548073597,845
1548074597,856
1548075597,864
1548076597,871
1548077597,884
1548078597,873
1548079597,851
1548080597,844
1548081597,826
1548082597,848
1548083597,849
1548084597,853
1548085597,867
1548086597,870
1548087597,875
1548097999,709
1548098999,705
1548099999,691
1548100999,698
1548101999,674
1548102999,683
1548103999,672
1548104999,673
1548105999,672
1548106999,667
1548107999,681
1548108999,675
1548109999,670
1548110999,665
1548111999,647
1548112999,633
1548113999,624
1548114999,617
1548115999,624
1548116999,618
1548117999,627
1548118999,614
1548119999,621
1548120999,616
1548131419,701
1548132419,717
1548133419,723
1548134419,720
1548135419,705
1548136419,695
1548137419,687
1548138419,693
1548139419,720
1548140419,735
1548141419,752
1548142419,754
1548143419,753
1548144419,751
1548145419,721
1548146419,719
1548147419,701
1548148419,695
1548149419,697
1548150419,688
1548151419,682
1548152419,678
1548153419,665
1548154419,650
1548155419,631
1548165811,511
1548166811,507
1548167811,497
1548168811,465
1548169811,473
1548170811,464
1548171811,461
1548172811,450
1548173811,437
1548174811,430
1548175811,415
1548176811,421
1548177811,416
1548178811,400
1548179811,395
1548180811,388
1548181811,377
1548182811,375
1548183811,365
1548184811,367
1548185811,365
1548186811,349
1548187811,355
1548188811,341
1548199239,287
1548200239,273
1548201239,273
1548202239,265
1548203239,265
1548204239,257
1548205239,257
1548206239,251
1548207239,204
1548208239,235
1548209239,241
1548210239,240
1548211239,242
1548212239,250
1548213239,257
1548214239,289
1548215239,304
1548216239,326
1548217239,332
1548218239,327
1548219239,332
1548220239,320
1548221239,341
1548222239,374
1548232651,438
1548233651,433
1548234651,428
1548235651,428
1548236651,409
1548237651,404
1548238651,395
1548239651,393
1548240651,381
1548241651,363
1548242651,368
1548243651,354
1548244651,349
1548245651,343
1548246651,352
1548247651,338
1548248651,334
1548249651,329
1548250651,312
1548251651,311
1548252651,319
1548253651,315
1548254651,313
1548255651,305
1548266053,272
1548267053,287
1548268053,293
1548269053,316
1548270053,327
1548271053,347
1548272053,401
1548273053,448
1548274053,480
1548275053,475
1548276053,467
1548277053,464
1548278053,489
1548279053,509
1548280053,543
1548281053,569
1548282053,596
1548283053,621
1548284053,625
1548285053,615
1548286053,617
1548287053,601
1548288053,656
1548289053,762
1548299473,1445
1548300473,1553
1548301473,1648
1548302473,1664
1548303473,1649
1548304473,1616
1548305473,1595
1548306473,1577
1548307473,1535
1548308473,1533
1548309473,1503
1548310473,1471
1548311473,1457
1548312473,1422
1548313473,1398
1548314473,1382
1548315473,1348
1548316473,1332
1548317473,1318
1548318473,1318
1548328900,1075
1548329900,1041
1548330900,1039
1548331900,1009
1548332900,1008
1548333900,993
1548334900,971
1548335900,960
1548336900,954
1548337900,930
1548338900,909
1548339900,895
1548340900,880
1548341900,865
1548342900,851
1548343900,819
1548344900,827
1548345900,787
1548346900,785
1548347900,777
1548348900,768
1548349900,761
1548350900,761
1548361278,706
1548362278,699
1548363278,688
1548364278,672
1548365278,669
1548366278,681
1548367278,720
1548368278,772
1548369278,785
1548370278,788
1548371278,777
1548372278,763
1548373278,816
1548374278,823
1548375278,870
1548376278,900
1548377278,927
1548378278,928
1548379278,936
1548380278,918
1548381278,887
1548382278,895
1548383278,879
1548384278,863
1548394698,926
1548395698,926
1548396698,909
1548397698,893
1548398698,885
1548399698,879
1548400698,880
1548401698,897
1548402698,885
1548403698,881
1548404698,878
1548405698,863
1548406698,845
1548407698,835
1548408698,832
1548409698,794
1548410698,778
1548411698,772
1548412698,773
1548413698,770
1548414698,753
1548415698,739
1548416698,725
1548417698,735
1548418698,739
1548429090,751
1548430090,732
1548431090,717
1548432090,727
1548433090,713
1548434090,741
1548435090,752
1548436090,775
1548437090,777
1548438090,793
1548439090,784
1548440090,754
1548441090,735
1548442090,726
1548443090,701
1548444090,702
1548445090,688
1548446090,665
1548447090,653
1548448090,640
1548449090,629
1548450090,621
1548451090,623
1548452090,619
1548462510,523
1548463510,511
1548464510,539
1548465510,510
1548466510,495
1548467510,480
1548468510,471
1548469510,461
1548470510,453
1548471510,449
1548472510,452
1548473510,432
1548474510,428
1548475510,410
1548476510,400
1548477510,400
1548478510,400
1548479510,384
1548480510,377
1548481510,359
1548482510,381
1548483510,357
1548484510,345
1548485510,337
1548495929,327
1548496929,320
1548497929,311
1548498929,305
1548499929,310
1548500929,313
1548501929,315
1548502929,311
1548503929,306
1548504929,299
1548505929,291
1548506929,287
1548507929,290
1548508929,277
1548509929,268
1548510929,265
1548511929,267
1548512929,270
1548513929,256
1548514929,265
1548515929,256
1548516929,245
1548517929,245
1548518929,236
1548529332,210
1548530332,205
1548531332,209
1548532332,209
1548533332,240
1548534332,302
1548535332,393
1548536332,459
1548537332,497
1548538332,544
1548539332,563
1548540332,560
1548541332,556
1548542332,547
1548543332,592
1548544332,653
1548545332,735
1548546332,804
1548547332,875
1548548332,923
1548549332,953
1548550332,998
1548551332,1009
1548552332,1013
1548562769,916
1548563769,915
1548564769,912
1548565769,903
1548566769,889
1548567769,880
1548568769,865
1548569769,864
1548570769,848
1548571769,836
1548572769,816
1548573769,801
1548574769,771
1548575769,761
1548576769,755
1548577769,741
1548578769,729
1548579769,717
1548580769,699
1548581769,681
1548582769,675
1548583769,671
1548584769,656
1548585769,640
1548596172,544
1548597172,548
1548598172,625
1548599172,657
1548600172,744
1548601172,784
1548602172,821
1548603172,817
1548604172,799
1548605172,796
1548606172,833
1548607172,875
1548608172,967
1548609172,1067
1548610172,1128
1548611172,1169
1548612172,1168
1548613172,1148
1548614172,1115
1548615172,1100
1548616172,1073
1548617172,1055
1548627595,1279
1548628595,1275
1548629595,1240
1548630595,1250
1548631595,1279
1548632595,1314
1548633595,1346
1548634595,1399
1548635595,1450
1548636595,1455
1548637595,1455
1548638595,1435
1548639595,1403
1548640595,1371
1548641595,1347
1548642595,1327
1548643595,1303
1548644595,1280
1548645595,1243
1548646595,1229
1548657022,1053
1548658022,993
1548659022,983
1548660022,962
1548661022,943
1548662022,918
1548663022,897
1548664022,889
1548665022,869
1548666022,850
1548667022,830
1548668022,816
1548669022,881
1548670022,945
1548671022,1035
1548672022,1101
1548673022,1127
1548674022,1124
1548675022,1105
1548676022,1101
1548677022,1140
1548678022,1200
1548688454,1291
1548689454,1293
1548690454,1267
1548691454,1261
1548692454,1236
1548693454,1221
1548694454,1243
1548695454,1289
1548696454,1345
1548697454,1381
1548698454,1400
1548699454,1389
1548700454,1360
1548701454,1331
1548702454,1296
1548703454,1275
1548704454,1248
1548705454,1236
1548706454,1218
1548707454,1191
1548717872,956
1548718872,931
1548719872,909
1548720872,895
1548721872,883
1548722872,870
1548723872,851
1548724872,843
1548725872,830
1548726872,803
1548727872,786
1548728872,767
1548729872,756
1548730872,745
1548731872,723
1548732872,707
1548733872,709
1548734872,701
1548735872,704
1548736872,708
1548737872,720
1548738872,757
1548739872,727
1548740872,731
1548751291,603
1548752291,605
1548753291,619
1548754291,641
1548755291,662
1548756291,692
1548757291,708
1548758291,705
1548759291,707
1548760291,683
1548761291,686
1548762291,661
1548763291,653
1548764291,635
1548765291,605
1548766291,616
1548767291,625
1548768291,639
1548769291,649
1548770291,669
1548771291,671
1548772291,691
1548773291,705
1548774291,720
1548775291,703
1548785683,620
1548786683,612
1548787683,597
1548788683,591
1548789683,612
1548790683,617
1548791683,620
1548792683,605
1548793683,605
1548794683,582
1548795683,573
1548796683,561
1548797683,555
1548798683,547
1548799683,529
1548800683,511
1548801683,548
1548802683,499
1548803683,491
1548804683,500
1548805683,529
1548806683,534
1548807683,551
1548808683,560
1548819103,497
1548820103,497
1548821103,485
1548822103,475
1548823103,464
1548824103,459
1548825103,455
1548826103,435
1548827103,434
1548828103,425
1548829103,415
1548830103,399
1548831103,400
1548832103,383
1548833103,383
1548834103,382
1548835103,380
1548836103,378
1548837103,373
1548838103,372
1548839103,369
1548840103,373
1548841103,367
1548842103,353
1548852523,290
1548853523,304
1548854523,294
1548855523,303
1548856523,279
1548857523,285
1548858523,271
1548859523,279
1548860523,273
1548861523,270
1548862523,257
1548863523,252
1548864523,260
1548865523,267
1548866523,233
1548867523,245
1548868523,255
1548869523,240
1548870523,269
1548871523,273
1548872523,271
1548873523,267
1548874523,275
1548875523,260
1548885926,315
1548886926,335
1548887926,338
1548888926,341
1548889926,356
1548890926,368
1548891926,353
1548892926,350
1548893926,387
1548894926,405
1548895926,417
1548896926,433
1548897926,459
1548898926,478
1548899926,491
1548900926,493
1548901926,501
1548902926,501
1548903926,484
1548904926,473
1548905926,478
1548906926,476
1548907926,469
1548908926,479
1548919345,394
1548920345,382
1548921345,375
1548922345,368
1548923345,369
1548924345,355
1548925345,362
1548926345,345
1548927345,345
1548928345,331
1548929345,314
1548930345,324
1548931345,313
1548932345,307
1548933345,304
1548934345,304
1548935345,293
1548936345,294
1548937345,285
1548938345,284
1548939345,284
1548940345,281
1548941345,275
1548942345,267
1548943345,267
1548953737,228
1548954737,221
1548955737,212
1548956737,211
1548957737,211
1548958737,207
1548959737,203
1548960737,208
1548961737,208
1548962737,217
1548963737,228
1548964737,207
1548965737,208
1548966737,208
1548967737,220
1548968737,202
1548969737,219
1548970737,209
1548971737,205
1548972737,207
1548973737,233
1548974737,201
1548975737,209
1548976737,210
1548987157,479
1548988157,496
1548989157,508
1548990157,527
1548991157,526
1548992157,507
1548993157,530
1548994157,521
1548995157,523
1548996157,549
1548997157,593
1548998157,629
1548999157,679
1549000157,720
1549001157,751
1549002157,750
1549003157,739
1549004157,730
1549005157,719
1549006157,704
1549007157,709
1549008157,698
1549009157,692
1549010157,675
1549020581,597
1549021581,611
1549022581,629
1549023581,652
1549024581,660
1549025581,651
1549026581,655
1549027581,635
1549028581,628
1549029581,625
1549030581,624
1549031581,643
1549032581,658
1549033581,658
1549034581,662
1549035581,642
1549036581,629
1549037581,624
1549038581,621
1549039581,603
1549040581,619
1549041581,612
1549042581,624
1549043581,677
1549053979,853
1549054979,924
1549055979,971
1549056979,1009
1549057979,1023
1549058979,1022
1549059979,1007
1549060979,994
1549061979,976
1549062979,947
1549063979,931
1549064979,917
1549065979,894
1549066979,872
1549067979,864
1549068979,848
1549069979,853
1549070979,876
1549071979,848
1549072979,845
1549073979,832
1549074979,834
1549075979,822
1549086358,684
1549087358,655
1549088358,641
1549089358,626
1549090358,620
1549091358,594
1549092358,597
1549093358,592
1549094358,595
1549095358,605
1549096358,613
1549097358,611
1549098358,601
1549099358,589
1549100358,579
1549101358,576
1549102358,576
1549103358,588
1549104358,596
1549105358,583
1549106358,590
1549107358,579
1549108358,577
1549109358,560
1549110358,560
1549120750,483
1549121750,483
1549122750,479
1549123750,451
1549124750,449
1549125750,449
1549126750,427
1549127750,441
1549128750,427
1549129750,448
1549130750,504
1549131750,500
1549132750,527
1549133750,528
1549134750,529
1549135750,499
1549136750,497
1549137750,511
1549138750,528
1549139750,579
1549140750,617
1549141750,663
1549142750,654
1549143750,647
1549154169,961
1549155169,943
1549156169,973
1549157169,1005
1549158169,1078
1549159169,1175
1549160169,1258
1549161169,1328
1549162169,1361
1549163169,1357
1549164169,1338
1549165169,1315
1549166169,1289
1549167169,1275
1549168169,1264
1549169169,1247
1549170169,1232
1549171169,1232
1549172169,1201
1549173169,1181
1549183579,977
1549184579,972
1549185579,938
1549186579,957
1549187579,949
1549188579,939
1549189579,933
1549190579,912
1549191579,883
1549192579,883
1549193579,868
1549194579,860
1549195579,857
1549196579,846
1549197579,811
1549198579,830
1549199579,842
1549200579,901
1549201579,943
1549202579,985
1549203579,1008
1549204579,1049
1549205579,999
1549206579,991
1549217016,1199
1549218016,1171
1549219016,1151
1549220016,1127
1549221016,1103
1549222016,1091
1549223016,1088
1549224016,1069
1549225016,1055
1549226016,1040
1549227016,1006
1549228016,992
1549229016,963
1549230016,943
1549231016,923
1549232016,905
1549233016,881
1549234016,858
1549235016,848
1549236016,836
1549237016,817
1549238016,807
1549248439,675
1549249439,672
1549250439,661
1549251439,641
1549252439,631
1549253439,623
1549254439,617
1549255439,609
1549256439,612
1549257439,594
1549258439,579
1549259439,570
1549260439,561
1549261439,564
1549262439,560
1549263439,559
1549264439,553
1549265439,542
1549266439,545
1549267439,553
1549268439,561
1549269439,565
1549270439,569
1549271439,561
1549281859,604
1549282859,592
1549283859,588
1549284859,573
1549285859,577
1549286859,577
1549287859,600
1549288859,620
1549289859,619
1549290859,623
1549291859,617
1549292859,595
1549293859,583
1549294859,583
1549295859,591
1549296859,545
1549297859,594
1549298859,590
1549299859,576
1549300859,565
1549301859,581
1549302859,511
1549303859,539
1549304859,529
1549315262,409
1549316262,411
1549317262,421
1549318262,425
1549319262,431
1549320262,453
1549321262,458
1549322262,473
1549323262,469
1549324262,432
1549325262,464
1549326262,446
1549327262,441
1549328262,437
1549329262,431
1549330262,449
1549331262,441
1549332262,440
1549333262,431
1549334262,417
1549335262,409
1549336262,404
1549337262,371
1549338262,393
1549348681,322
1549349681,320
1549350681,305
1549351681,305
1549352681,302
1549353681,297
1549354681,291
1549355681,297
1549356681,288
1549357681,287
1549358681,279
1549359681,271
1549360681,272
1549361681,270
1549362681,259
1549363681,251
1549364681,253
1549365681,243
1549366681,249
1549367681,252
1549368681,240
1549369681,240
1549370681,244
1549371681,261
1549372681,281
1549383073,261
1549384073,256
1549385073,253
1549386073,255
1549387073,272
1549388073,287
1549389073,287
1549390073,297
1549391073,297
1549392073,283
1549393073,287
1549394073,292
1549395073,288
1549396073,288
1549397073,282
1549398073,275
1549399073,300
1549400073,333
1549401073,353
1549402073,378
1549403073,386
1549404073,394
1549405073,368
1549406073,380
1549416493,563
1549417493,570
1549418493,546
1549419493,539
1549420493,531
1549421493,529
1549422493,531
1549423493,535
1549424493,511
1549425493,533
1549426493,527
1549427493,511
1549428493,510
1549429493,496
1549430493,485
1549431493,477
1549432493,465
1549433493,447
1549434493,444
1549435493,439
1549436493,425
1549437493,416
1549438493,409
1549439493,400
1549449913,325
1549450913,324
1549451913,321
1549452913,318
1549453913,320
1549454913,307
1549455913,307
1549456913,301
1549457913,296
1549458913,285
1549459913,277
1549460913,268
1549461913,273
1549462913,272
1549463913,269
1549464913,268
1549465913,257
1549466913,260
1549467913,264
1549468913,268
1549469913,259
1549470913,264
1549471913,253
1549472913,252
1549483315,241
1549484315,248
1549485315,263
1549486315,277
1549487315,271
1549488315,277
1549489315,273
1549490315,271
1549491315,265
1549492315,266
1549493315,271
1549494315,267
1549495315,261
1549496315,253
1549497315,247
1549498315,240
1549499315,239
1549500315,235
1549501315,213
1549502315,236
1549503315,222
1549504315,229
1549505315,211
1549506315,217
1549516735,178
1549517735,185
1549518735,188
1549519735,192
1549520735,207
1549521735,235
1549522735,235
1549523735,251
1549524735,277
1549525735,291
1549526735,301
1549527735,285
1549528735,279
1549529735,283
1549530735,281
1549531735,294
1549532735,314
1549533735,339
1549534735,383
1549535735,385
1549536735,423
1549537735,425
1549538735,421
1549539735,417
1549540735,429
1549551127,550
1549552127,577
1549553127,609
1549554127,640
1549555127,665
1549556127,674
1549557127,684
